recording,window,bearing,fault,label10,size_mils,load_hp,rpm,rms,kurtosis,skewness,crest,p2p,band_0_500,band_500_1000,band_1000_2000,band_2000_3000,band_3000_4000,band_4000_5000,sk_max,sk_freq,env_BPFI_h1,env_BPFI_hm,env_BPFO_h1,env_BPFO_hm,env_2xBSF_h1,env_2xBSF_hm,env_BPFI_sb,env_BSF_h1,envsk_BPFI_h1,envsk_BPFO_h1,envsk_2xBSF_h1
Normal_0,0,Normal,Normal,Normal,0,0,1796.0,0.07016327031043491,2.781898034014452,-0.008008614774126606,3.9610242871647916,0.5246301270157896,-1.0808708195948444,-0.8810619084754632,-1.2787991097797176,-1.3672472951690267,-1.3980826517657918,-0.18712427236589832,0.3407252120513129,3187.5,0.37184590146905605,0.42086425369488994,0.23916244981214727,0.2511926700490017,0.18590808458776992,0.49520646708876614,0.4051964764223357,-0.1340608896921389,0.29638578926832354,0.14704366597970997,0.291924898049718
Normal_0,1,Normal,Normal,Normal,0,0,1796.0,0.06934028012011982,2.783387393026426,0.04087290721675556,3.8840052464193975,0.5151515324692828,-1.0353891571540415,-1.021865522976974,-1.2636501301899088,-1.3508904245841342,-1.402805109170572,-0.17127041721719152,0.5271018971775066,2625.0,0.33674742375832284,0.4146987163417308,0.15080798807173493,0.357783066889837,0.36159898652050654,0.39640072859046166,0.345919219830857,0.15263712140998306,0.7465310110734832,0.04971517856510413,0.19513009902912795
Normal_0,2,Normal,Normal,Normal,0,0,1796.0,0.06949831485505417,2.7227577264358165,0.015701550429532564,3.6972987136884727,0.4945853953871283,-1.1185552668110066,-0.8627613484205051,-1.2605564506873896,-1.3510766689948401,-1.3849444715228003,-0.18972106546721268,0.10282007996333942,3562.5,0.40437181310661485,0.4318481626193718,0.19824006917970585,0.23193097013104935,0.23450473729044488,0.4805987726200971,0.4476651787567585,0.42135436713082836,0.21025657723067762,0.12085952012343144,0.13274000689642793
Normal_0,3,Normal,Normal,Normal,0,0,1796.0,0.07164549885995007,2.8130726808517488,-0.023835261053387513,3.576485275316435,0.4966864310708238,-1.1581294383990866,-0.8008544163495737,-1.3046141758353804,-1.3717381287282164,-1.4369253400971378,-0.1913179982073903,1.11220434621706,2625.0,0.23815315682148802,0.4032350302679947,0.2543574928514513,0.2615174706170259,0.06021801650144952,0.45599890492170325,0.4983127174540128,0.15811307309994005,0.48628059050152905,0.0722239314299558,0.2985105409071456
Normal_0,4,Normal,Normal,Normal,0,0,1796.0,0.07088101644586949,2.786420650110008,0.062127996857189734,3.6844388243269193,0.5053880505397309,-1.0535786815951151,-0.9408080195659618,-1.2941383222471872,-1.3151051215953884,-1.4355112122598288,-0.17972364327510007,0.3427706911806827,3562.5,0.27302236039931405,0.4005135037769275,0.17886234730800857,0.26373579105460004,0.2889502872832362,0.35802486106221515,0.3544678597599184,0.25015649865042616,0.32504846217923483,0.2813391182821002,0.1663417353283338
Normal_1,0,Normal,Normal,Normal,0,1,1772.0,0.059801439672687355,2.9167207097896988,0.01364030630267303,3.7866566450098076,0.4267672423657456,-0.5230630441686462,-0.8549664859074594,-1.189911634894648,-1.1488433971857015,-1.3191472977901806,-0.42370426311705955,0.27586765910523825,2437.5,0.17338361371780073,0.27169190771922597,0.2872329741035684,0.28140613633325523,0.03735494876039982,0.22345017700056363,0.31267209500002724,0.3323051538486013,0.23537257207965695,0.26598740125447473,0.050987034725734764
Normal_1,1,Normal,Normal,Normal,0,1,1772.0,0.0594542498707524,2.9069637048605697,0.0006510907243593801,4.085383606305858,0.4496894249824258,-0.5228748684067245,-0.8441922338185177,-1.1806039392916177,-1.158273742718476,-1.2641283667001768,-0.43536839458869436,2.1750216231856774,3562.5,0.19378288256995266,0.3359586282848577,0.20179652119880587,0.2773135274633452,0.15360147759521364,0.22396927434620809,0.3280246871877191,0.271904375782895,0.3606391252739493,0.14613204235057678,0.3327389802051714
Normal_1,2,Normal,Normal,Normal,0,1,1772.0,0.059820728101166246,2.906207921144567,0.04126375025366551,3.606367453345272,0.4101184885218263,-0.5092765359373986,-0.8947460483291452,-1.2094220853637454,-1.0942560589108368,-1.316743938178362,-0.4287876021832151,0.5279413451558943,3562.5,0.10907570816188071,0.28483312124918025,0.278335060398817,0.2615272990477453,0.23913874323213494,0.3442988711010233,0.22089711199860101,0.2555705578593707,0.20040066924638658,0.12879258445203823,0.31720050015474727
Normal_1,3,Normal,Normal,Normal,0,1,1772.0,0.060384743376390666,3.1013646209437034,0.03648082090950229,4.908299754240814,0.5320625182364451,-0.5436871048217848,-0.8961064809775376,-1.209065904769111,-1.0949246069923737,-1.3132226773297697,-0.4020482462734454,1.1694719633488813,3375.0,0.20155409211786257,0.29070881663625425,0.06594711489552423,0.2742303426029621,0.1476632614987097,0.21053133614823105,0.2046993014723791,0.31468238340697463,0.04711163869676462,0.12612312276385598,0.3189150392918463
Normal_1,4,Normal,Normal,Normal,0,1,1772.0,0.0597492828175546,2.9766704422657373,0.06478187383758163,3.8753214232287463,0.46085228697763303,-0.5406676459066204,-0.8596372256205197,-1.2001208581337668,-1.121969796051045,-1.3447064357778054,-0.4088514121617353,0.5320690026331327,3375.0,0.42087784247877896,0.4127957454183935,0.15263972079665822,0.2625130970015034,0.26429780230990924,0.2697237724272978,0.2933827030853276,0.20838274908439552,0.056833897585045694,0.32959830867296847,0.2973368124165118
Normal_1,5,Normal,Normal,Normal,0,1,1772.0,0.05993231249817939,2.970648837647139,0.04445770685115943,3.6709560283295466,0.4303684456667446,-0.5239402763106217,-0.8486953212974478,-1.1593764850539634,-1.1218571349695636,-1.3226508073795715,-0.4357307108698224,0.618989206213115,2625.0,0.28372008187775943,0.32729526100673856,0.2789993001568895,0.32140092683659827,0.23185639296027474,0.2998587109505384,0.35644553143389307,0.21465955162452857,0.28804150480255813,0.3885838008191819,0.278961062969911
Normal_1,6,Normal,Normal,Normal,0,1,1772.0,0.05984054341986187,2.983111161252417,0.024421734672151373,3.781779384664565,0.43713710262623395,-0.5328561995488599,-0.8278710494232739,-1.1933683622260507,-1.1313803594411582,-1.3375008210941643,-0.4268497230785487,0.34339940962453186,3000.0,0.34418643117772685,0.35665628752397344,0.08007555626402374,0.22374033946787805,0.26601276272826385,0.25679121421936574,0.29323258726959706,0.39927587471425263,0.4234288254510265,0.11630829476246868,0.04522912757213438
Normal_1,7,Normal,Normal,Normal,0,1,1772.0,0.05982578754686346,3.0135413795874664,0.015537424569615654,3.83015294564849,0.45447346610102574,-0.5137932719712538,-0.8488380268560894,-1.1882614677185752,-1.1568370340322056,-1.3132227886607812,-0.43309667691121423,0.8622542664417052,3000.0,0.23185727122320654,0.25153026420911645,0.30989028041917344,0.23049530043856928,0.3186389420985903,0.34996472944802604,0.2838963089384532,0.20360383499484616,0.3106448531207951,0.07476817766605716,0.28767040609900124
Normal_1,8,Normal,Normal,Normal,0,1,1772.0,0.05913193963472738,2.931496604739942,0.027676541251530334,3.6575621803481413,0.42861636125046376,-0.5105155869136345,-0.8369457688586369,-1.1712168809621541,-1.160499141929548,-1.3489979278531834,-0.4383278249572569,1.1565442944215887,3562.5,0.036900956836420196,0.23779915167599192,-0.024220473364083294,0.19916722384323407,0.29990591465956096,0.28013540189962166,0.17986397365196863,0.07336895738548617,0.34428169857222884,0.311904168903674,0.3508389532296387
Normal_1,9,Normal,Normal,Normal,0,1,1772.0,0.059384960691527794,2.954445577958275,0.01747231589826758,3.828463036107826,0.44165061559593205,-0.5242053180474708,-0.8453770511892286,-1.2140134553113273,-1.1666742293331007,-1.3338768536691388,-0.417288067968528,0.6310328119054005,3562.5,0.25802726826385,0.2981502554047706,0.18486052582446308,0.28384623936603187,0.23351817043418813,0.2563419584081615,0.2395772908971081,0.09303087644612305,0.28993271640619034,0.40506395383456406,0.16727721377551166
Normal_2,0,Normal,Normal,Normal,0,2,1750.0,0.0552704629255607,2.9110308688411353,0.0038916634304212417,3.9976689763975113,0.41910374174927756,-0.5612304862016203,-0.7796856673488629,-1.0951262239764448,-1.0890656321558645,-1.2341711544258402,-0.469586903847868,0.3404876988658754,3375.0,0.08938604801044352,0.21856996464601502,0.42829256156285794,0.29791521353665723,0.23575033459923808,0.2777269981500576,0.3160536322713954,0.19003218627949428,0.4475406397012798,0.19036361497488494,0.20918857597824464
Normal_2,1,Normal,Normal,Normal,0,2,1750.0,0.05546129642138237,3.0138373008388104,-0.005147833008798689,4.1866136217551295,0.4403683328294822,-0.5616198564547825,-0.7770066055121977,-1.0890825946317704,-1.005133482586507,-1.2094170417725756,-0.4996749236610934,0.8176627668850962,3562.5,0.27593827827077416,0.28189727939842435,0.1706212410042275,0.2845840255101891,0.283301349001169,0.36503048362294666,0.33436277927593844,0.3677903044295103,0.22568587224915793,0.2628970438743454,0.4857997623752411
Normal_2,2,Normal,Normal,Normal,0,2,1750.0,0.05526149575062267,2.993121491408331,0.03888022516359967,4.314140575644236,0.4476701516301482,-0.5507704596342512,-0.7702203136274196,-1.109727584488211,-1.0252809423824507,-1.1715363697089662,-0.5092919927771486,1.3994424781898482,3375.0,0.22875802073497678,0.2688390945839749,0.2800926388776503,0.255841167342484,0.06774519878449786,0.21831346213111558,0.3574353721525147,0.03484886574213631,0.23073503330124095,0.4640621702808811,0.3631125201024893
Normal_2,3,Normal,Normal,Normal,0,2,1750.0,0.05541457297935279,2.97690784842558,-0.002302882276405986,3.9623452512778132,0.43041453266122015,-0.5701167172941368,-0.7974687312865968,-1.0892441009285518,-1.1184702991369442,-1.2385149179391939,-0.448300606643917,0.4880515599473485,3375.0,0.3560732645116118,0.4207860607838413,0.3689232821405502,0.3881081507783195,0.22002147800896824,0.2558889404063087,0.20554652934062542,0.13344987764560626,0.4599925151741403,0.17673487879422553,0.18333113007577267
Normal_2,4,Normal,Normal,Normal,0,2,1750.0,0.05554329300611491,3.0083823502948346,0.010616517900712859,4.8429339630599495,0.4757690590439878,-0.5693183195137889,-0.7814305109551506,-1.086422624240734,-1.000918265419467,-1.2244971961045708,-0.48995173540799564,1.5661643665228842,2625.0,0.18421301322229683,0.20165053997955887,0.1195818316500593,0.19930849767981704,0.27811232713958406,0.38479492236108526,0.23038392772344835,0.27413465013339927,0.38993521934293535,0.2527703945494271,0.21642617022935917
Normal_2,5,Normal,Normal,Normal,0,2,1750.0,0.05500100456749855,2.9069287009634257,0.019688823669797316,3.6304081128199743,0.39483740317120164,-0.5665316455505934,-0.7857178213104301,-1.0684293961550217,-1.061688261366024,-1.2221077102877307,-0.4778760056524538,0.9987654589616524,3187.5,0.2722827200751425,0.30022190660206516,0.2350528654856115,0.2118319748079146,0.13113055047049516,0.2396368300115226,0.24148942258954617,0.17147633434689988,0.346606560693146,0.10972348813181663,0.2484311468735218
Normal_2,6,Normal,Normal,Normal,0,2,1750.0,0.05493532925955386,2.9341214454369045,0.009918158135072384,3.972388919929495,0.42947165946761306,-0.5657428744104762,-0.8051213792705378,-1.0683658606648563,-1.0694018602982327,-1.2198960699745882,-0.4677227730322705,0.5813405391129116,2812.5,0.2361972185606034,0.3223720316240858,0.26219211363634953,0.26797263316670256,0.12053591399295122,0.34751680161686926,0.2998499543052548,0.3055901501120969,0.27106529196782764,0.4090751458485257,0.2881072333738586
Normal_2,7,Normal,Normal,Normal,0,2,1750.0,0.054641759245338,2.913389238922781,0.0071959226986276804,4.04280225161686,0.4183961523442822,-0.5598686064434003,-0.7813984953950103,-1.0574345240444207,-1.0279574450706188,-1.2755778193705112,-0.4885557084165855,0.670638851186204,3375.0,0.20099700987490432,0.35348158233569327,0.13451401713718386,0.2896580922957757,0.3649232376954415,0.2819647268661387,0.19128337881248053,-0.10336130375200887,0.20128239567957687,0.300568650371994,0.34293201515301497
Normal_2,8,Normal,Normal,Normal,0,2,1750.0,0.054939795994605765,2.977342725886232,0.07157733619106772,4.162433530644991,0.4236903264205779,-0.5723331673032677,-0.7771712914417379,-1.0678956790836085,-1.033485471982939,-1.234057927556169,-0.4830660316366273,0.44478891303879875,3562.5,0.21750391047280648,0.2867948750423025,0.30867013305295476,0.2838826658082367,0.3693345026519143,0.3402898021551885,0.25357580336069496,0.17027974398318127,0.12473651052825906,0.2818306989911343,0.12991354841066674
Normal_2,9,Normal,Normal,Normal,0,2,1750.0,0.05562066955519088,2.998008452069552,0.05181916407291544,4.28481902411423,0.452182076039902,-0.5786883512094017,-0.7963502302356988,-1.0714612636699528,-1.0604963897631932,-1.2098164576676582,-0.4649084669052826,0.7464439051964824,3375.0,0.2020878379735969,0.2721235152332157,0.37744809570599425,0.290603174991855,0.29741458150349315,0.37237741073934394,0.1442680600272594,-0.019549103234914843,0.2617764199827093,0.3786483939797695,0.192868687804487
Normal_3,0,Normal,Normal,Normal,0,3,1725.0,0.05540330313759603,3.0727661750798823,0.04631933279312724,4.354199232268424,0.45715038119693513,-0.6461601467772815,-0.7548638011588777,-0.9309452002133629,-0.9529154297823411,-1.1808583208450405,-0.5176047976634538,0.33858690237226563,3562.5,0.034420936435372994,0.32851220357565125,0.3227654951347017,0.3231212214253021,0.5268063684220479,0.3745915867416982,0.22198372942324351,0.2786604429363364,0.2793968789782973,0.29389119126063196,0.16153826456803697
Normal_3,1,Normal,Normal,Normal,0,3,1725.0,0.05489123323404242,3.0106432588912635,0.048908832352084944,3.6425647592788852,0.39753482684890745,-0.6447279048676009,-0.742143864969631,-0.9314579651601086,-0.9528210614264571,-1.1744024423103245,-0.5275107224335412,0.49712442724121164,2812.5,0.24430563290376875,0.3638764139217977,0.3227185539942284,0.3032406357134131,0.42946993855940774,0.4155261141874722,0.1848595040493087,0.10374412019408248,0.11569389376587956,0.39161241562849647,0.3428371329406603
Normal_3,2,Normal,Normal,Normal,0,3,1725.0,0.055448668183712906,3.0114908527057547,0.04231410191551254,4.035624267175263,0.4474748237240864,-0.6251070823216435,-0.7219890207148679,-0.9457762913215877,-0.9561022315974785,-1.2080768985543902,-0.5415492145871545,0.6270428432449928,3000.0,0.19718747274662474,0.38389788263150415,0.3278915440707019,0.3205690526646341,0.22870895852675854,0.23037159538134233,0.23783982201166548,0.25940179110740896,0.4739507710917914,0.43681761761051935,0.014464774893815426
Normal_3,3,Normal,Normal,Normal,0,3,1725.0,0.054849918513247525,2.996935146021967,0.0272947997383352,3.7799505634601953,0.40548995766332074,-0.6144449381423772,-0.7679207627476597,-0.925842077113097,-0.9473256336406091,-1.2141498806071984,-0.5319489928610395,0.3790725848995131,3375.0,0.111591625560103,0.2941244645870404,0.2952841743166142,0.2429708592293418,0.32367588323121577,0.3475490222043099,0.0714051487291145,0.17092692495043268,0.42038295068547266,0.3255424671969366,0.40392232562011576
Normal_3,4,Normal,Normal,Normal,0,3,1725.0,0.05479608159283091,3.038269732408132,0.015339221541947562,3.9985537508606623,0.40374802201848226,-0.6507377786603059,-0.7066416137694451,-0.9431526194401505,-1.0038231003465135,-1.209273765399801,-0.5155031117773665,0.2767697291962148,3562.5,0.06894070487978021,0.24488443287767747,0.09833517809219292,0.2520806040706487,0.1715424572533232,0.30818323633606376,0.2360006235983509,-0.050553940947010635,0.39065386433720134,0.2352007297732948,0.29002312611515463
Normal_3,5,Normal,Normal,Normal,0,3,1725.0,0.055550063703294336,3.065990989365907,0.03168653719452643,4.251990052764696,0.4288225943835501,-0.6310320360374079,-0.754667302346813,-0.9130908339022504,-0.9394931754692061,-1.2024228076289063,-0.5370681139337519,0.8590281233911825,3375.0,0.2617561979312551,0.3131729074007865,0.2770376653635693,0.27293216752855576,0.026333580127400003,0.30048938861388835,0.23472047769178264,0.1129990861426395,0.3077100189533173,0.2995956423636269,0.15539704695937112
Normal_3,6,Normal,Normal,Normal,0,3,1725.0,0.0557989485045335,3.0152636302137017,-0.001360337832481149,3.866177433466221,0.4286336919990065,-0.6513214027256233,-0.7328530031162019,-0.9434582352491764,-0.9414580028448715,-1.2337095721969271,-0.5155593576565719,0.28693392908519355,3562.5,0.12399148636036353,0.38288633019120505,0.2476443828435721,0.333278906681852,0.4276947393187952,0.345005966647557,0.22860485373574724,0.1672392019331561,0.287767481429129,0.4201970733081594,0.3254682483400752
Normal_3,7,Normal,Normal,Normal,0,3,1725.0,0.05560353052138718,3.0139572878894443,0.023823228184654426,5.029773777589212,0.48290227398608454,-0.6019918809303397,-0.7762974070348367,-0.9476726350441659,-0.9667093133415052,-1.1994188912092179,-0.5248690608768628,0.436272806795333,3375.0,0.1307581436471842,0.2239600281589133,0.5138460425865252,0.3377840672055684,0.3479837495852383,0.3294118508351007,0.07751457161009362,0.07530748313976454,0.2380911653747198,0.2620737860559153,0.5067683323573413
Normal_3,8,Normal,Normal,Normal,0,3,1725.0,0.055723913346521534,3.0860897770798226,0.04764936011356865,4.537496563920166,0.4961268827848393,-0.6368293353724188,-0.7447775044510173,-0.9478380349158503,-0.9295078865426158,-1.1660135660212732,-0.5366524640885947,1.1291171469463266,2625.0,-0.08591708216891689,0.17145269438729344,0.2307247671408999,0.22605298909037272,0.3440687584547775,0.25688386714957384,0.31458792795931617,0.10827975099566421,0.30066666261354386,0.20832289445406688,0.25732454995852555
Normal_3,9,Normal,Normal,Normal,0,3,1725.0,0.05529242768197228,3.136614564368254,0.03772367649263656,4.212614540784037,0.45471446521289016,-0.6433741055465728,-0.7578649070747016,-0.9291814366017388,-0.9296860709597089,-1.1628616892999175,-0.5316023088626327,1.1172610481347283,3562.5,0.028142083770540286,0.34181841341000063,0.329752469764776,0.40079980803757853,0.11020671777189793,0.21683482212766825,0.2440463040151164,0.09337896537009215,0.24588146621693865,0.13290976312274902,0.15620235095210228
IR007_0,0,IR007,IR,IR007,7,0,1797.0,0.28863407856053824,5.628372054150402,0.13606203987684523,5.403516422745523,2.7899843292746596,-2.0703407282915425,-1.3467791962936524,-0.8005468640940502,-0.40841233001552407,-0.4177624502293236,-1.8074465113277471,1.4622025088541775,4500.0,1.6802398456223353,1.479741423321144,0.24349886329597278,1.075128627402686,0.4355938561244682,0.6990781638788276,0.6524185671844563,0.2541775676213671,1.4128163775894549,0.253353127854944,0.3546640799494911
IR007_0,1,IR007,IR,IR007,7,0,1797.0,0.28888175580422676,5.105279472573587,0.1372008901779544,5.190164551441073,2.7343542734183224,-2.036192293414338,-1.3392476012305061,-0.8066171579928904,-0.4052792760474866,-0.4198592891888338,-1.8150627968701996,1.4949791544862205,4500.0,1.7342812151843505,1.5304312014790298,0.19762229693616273,1.047665385761818,0.32911594907564007,0.7056169279716484,0.5592894423005802,0.5166555361725715,1.4602072474500696,-0.07524760005135483,0.16432844576184205
IR007_0,2,IR007,IR,IR007,7,0,1797.0,0.29335238564384586,5.155183738933106,0.13877292237676353,5.548508855507501,2.8588449440446735,-2.0829494292855073,-1.3668425699183464,-0.8150804969001771,-0.4129649344751421,-0.4044796342855884,-1.8161946539429843,1.0790501912007944,3937.5,1.7523865697165752,1.5413139986661744,0.22677293806154303,1.0659592807574654,0.5554603602023326,0.752548430403952,0.6708371004018663,0.46428108079399855,1.771353460999337,0.28109080588745156,0.48115407405527677
IR007_0,3,IR007,IR,IR007,7,0,1797.0,0.2910585720421687,5.56655550474182,0.16944037156724348,5.726534940633815,3.0057340310489487,-2.1086972730673152,-1.3615830306262526,-0.8025341199748408,-0.40134951526296453,-0.421910341530104,-1.802428469921921,1.2491308483631363,4500.0,1.7232945771866446,1.5164187455237472,0.09754199281252796,1.039997696071079,0.5134372981206323,0.7466473194889311,0.6861716592244287,0.47511620286398987,1.7446524796442817,0.12221796845123148,0.6157727235146437
IR007_0,4,IR007,IR,IR007,7,0,1797.0,0.29033826355417297,5.4609741998352845,0.1483999089323968,5.617508562463333,2.9328237456631543,-2.0742813068322223,-1.3704560575529277,-0.7994234797278716,-0.4051464371149218,-0.41842224443534226,-1.816222081385868,1.43691233638679,4500.0,1.7384246550175735,1.5324227898954326,0.32594305007096525,1.0783570064540469,0.7293854956702365,0.7864045673021974,0.6742456268061978,0.3836585849915042,1.4134219119156555,0.08761267703108015,0.30172510101325595
IR007_0,5,IR007,IR,IR007,7,0,1797.0,0.29019817696314487,5.247293427704187,0.16193515365151606,5.036878073586795,2.6876935513198372,-2.0269641541396717,-1.3608487848286634,-0.8028428055515745,-0.4282956245809628,-0.3969326186242835,-1.8054370125387529,1.526428814035631,4500.0,1.6762859370194336,1.4860506349601834,0.09596130108039852,1.0233900168119758,0.6161253835973145,0.6765236081956805,0.5420053381158466,0.6013189316368946,1.344708293386381,0.23510283937092208,0.05421391099829349
IR007_0,6,IR007,IR,IR007,7,0,1797.0,0.2932947432141806,5.03997956061404,0.19532072637640197,5.126584227344954,2.7039617811493306,-2.0781744438736296,-1.3844306866187654,-0.8126590927679994,-0.3963877113408725,-0.42011414175063727,-1.8260802830382228,1.4489933558819876,4500.0,1.762484961634687,1.5609858609043485,0.28010955848684566,1.0876850914225602,0.6322006264129342,0.7939670117892942,0.5717315824334409,0.5080078974493201,1.511253354234794,0.49574110177954467,0.08695846384629492
IR007_0,7,IR007,IR,IR007,7,0,1797.0,0.291095584251601,5.556635904685924,0.20737574814518647,5.845986490959673,2.9662543390431826,-2.0094918769396726,-1.3796843228872404,-0.8007945846091769,-0.3991046295392241,-0.4255140320635282,-1.7965199475755111,1.3549542008861821,4500.0,1.7674816945922858,1.5743789161270088,0.19111098231413165,1.1080503841636673,0.5190329322893256,0.8041652990856516,0.4876268930762483,0.4309050744596618,1.4281522915534972,0.16268867967325146,0.18848112029139627
IR007_0,8,IR007,IR,IR007,7,0,1797.0,0.28900297458333324,5.547995808675907,0.2012559850158841,5.2426104525096475,2.8900484337294348,-1.9800574651283966,-1.3633522495890549,-0.8031578182097966,-0.43605530277486554,-0.3899735952769248,-1.8217571816513942,1.6988134909359545,4500.0,1.7257231102287134,1.5134921779564492,0.1989100750143369,1.0321072339908715,0.5978473645717679,0.7037775785062941,0.5865271803507836,0.6006570179391282,1.328374922831609,0.1525805773355652,0.29424139770560664
IR007_0,9,IR007,IR,IR007,7,0,1797.0,0.29220456317701543,5.53600185823548,0.1851196939341354,5.4447417273601655,2.831196035578095,-2.028937683549591,-1.369290999901756,-0.8067541807441224,-0.4204356827595728,-0.40112385581084337,-1.8243860128658156,1.3601851587567637,4500.0,1.699468357917225,1.5115013858046071,0.20078383446460718,1.0962416947071951,0.6450754133187497,0.7189720511650628,0.5210895992155257,0.48472864841248353,1.2600687496637726,0.3427171426212174,0.18008602120851555
IR007_1,0,IR007,IR,IR007,7,1,1772.0,0.29286187690617266,5.369648545351447,0.15813112069864405,5.29743011762036,2.7496909787105865,-2.2027208950432295,-1.3597799984286782,-0.8183811962179397,-0.43318172508391267,-0.3805687274848606,-1.886469583682982,1.056714262408705,4125.0,1.677571559645092,1.495512014658848,0.46358685393188015,1.1056480662996115,0.6695051850865842,0.7748096711200948,0.530276141843684,0.4508748210007746,1.3361539922797463,0.06876932692278448,0.5613981285022547
IR007_1,1,IR007,IR,IR007,7,1,1772.0,0.28840530075181886,5.5061076935776185,0.12999168584320445,5.290841722334452,2.820059243948556,-2.221547632526931,-1.3539454710091345,-0.7954869622456529,-0.4222279839197876,-0.39939486022049225,-1.8968760145284622,1.2407474035460284,4312.5,1.6754097928109137,1.5002541456838314,0.14931370552076426,1.0962685983876441,0.6158960435672206,0.7012827411179366,0.3835015791389946,0.51762796325265,1.343614814713988,0.13627373598573625,0.5752183585808865
IR007_1,2,IR007,IR,IR007,7,1,1772.0,0.2934937005779282,5.489294552745773,0.1370850208652631,5.282949678862724,2.7734868472104894,-2.1513398382662707,-1.3675328760788716,-0.8055357073508955,-0.4311875313754863,-0.3866691664039533,-1.9023325089587713,1.150692655125709,4125.0,1.7120756923017442,1.5229119212421003,0.01730741482894121,1.1016029670416663,0.7056506364528057,0.7569749463884419,0.6340390598064249,0.33432635343504047,1.4166268045525796,0.23646237315913987,0.5139072364838904
IR007_1,3,IR007,IR,IR007,7,1,1772.0,0.29022851171520947,5.7789721070188955,0.14177596144761032,5.080668585915572,2.74792628353574,-2.2229454596108957,-1.3655902418799963,-0.8095365097516262,-0.43145993538545185,-0.38419569908820445,-1.8953526277166977,1.0624823787005147,4125.0,1.7060611701999953,1.4915424877119745,0.12544658846118445,1.0985281305669077,0.8068992279313546,0.7543522505070941,0.4693503914969698,0.5173591192286489,1.3791971402378997,0.14260451596523874,0.3339802334102442
IR007_1,4,IR007,IR,IR007,7,1,1772.0,0.29331218374931317,5.659415644248232,0.12415131921603272,5.319119361941867,2.8794174798901913,-2.206913029405456,-1.35165150219944,-0.8073737057041729,-0.43442117340582304,-0.3845075250137151,-1.881640613990117,1.3961656669975744,4312.5,1.6462955704731483,1.4647301903210248,0.14160478440329077,1.064034019335083,0.7119905831601426,0.7546493762501585,0.469922302987246,0.3810171815474708,1.396012082670655,0.38335475237620836,0.099371692812313
IR007_1,5,IR007,IR,IR007,7,1,1772.0,0.29528058532014845,5.585460167329187,0.12289927205091421,5.097290726421653,2.8499769903230714,-2.1514983324365384,-1.3657459181109994,-0.8135774280483787,-0.4425112404853057,-0.37416082245347115,-1.8941787394613274,1.2535288863562428,4312.5,1.6778729852682166,1.4862961984839314,0.07660936921934924,1.0848175081480815,0.7783687521458506,0.7275759572723826,0.5182881730139927,0.5718706461169015,1.3942032183768733,0.3807612014298403,0.21975853641467702
IR007_1,6,IR007,IR,IR007,7,1,1772.0,0.29240269349433595,5.4309887516772415,0.14580668558907675,5.062655255328158,2.7228074872619406,-2.246483482681987,-1.3707655430321815,-0.8085183344375384,-0.4283511021839903,-0.38644998196009284,-1.8974098882171768,1.172423801249943,4125.0,1.717576496160996,1.4973151505325695,0.26415954089791804,1.0876328545947394,0.6355882937072398,0.720322636932001,0.46823160580917866,0.6768783574320887,1.3287747829985175,0.33052125030482343,0.4291521671149642
IR007_1,7,IR007,IR,IR007,7,1,1772.0,0.29097114627484555,5.292648828407545,0.11604978573420724,5.0081284747043,2.7847483929920944,-2.202817183540591,-1.3546676147542893,-0.805342039249631,-0.4171101135399399,-0.40119901512602174,-1.8777487336190237,1.1856710728457003,4125.0,1.7338372884550906,1.5175728331285558,0.33998395839055734,1.0899019245328188,0.6363585656358363,0.7767814066639362,0.5551883897585825,0.5537507865054079,1.371069535021581,0.2861677931615603,0.5575557871271526
IR007_1,8,IR007,IR,IR007,7,1,1772.0,0.2942358773121994,5.547320430519794,0.12900415932630338,5.0869668094105345,2.901721076510043,-2.2015557171547395,-1.3623885193309266,-0.8083761053415287,-0.4223188228215217,-0.39342469413810305,-1.9033127161430519,1.642365668502812,4312.5,1.7036521107530749,1.5009386576139971,0.08106864517040742,1.1024161481234263,0.4145236278872158,0.721387397662176,0.427453174398286,0.5867039134575978,1.4116757959394837,0.3215644038958872,0.43835309482854046
IR007_1,9,IR007,IR,IR007,7,1,1772.0,0.29453645167261255,5.558703681762375,0.11700775202076992,5.18575876158304,2.8853934777405668,-2.2684775169160765,-1.3630842122173226,-0.8124589188868755,-0.4310555398747906,-0.38281686526953146,-1.9047159035546393,1.052495176437649,4125.0,1.7020811872524038,1.4904865701904462,0.07064259630254459,1.055052346542998,0.4909073328848984,0.7285486229559367,0.5250980241893672,0.7353443439088386,1.3609616097749817,0.17224251193271373,-0.10999874472616408
IR007_2,0,IR007,IR,IR007,7,2,1748.0,0.2975869873021642,5.53278791383549,0.08389527725293114,5.107319934893571,2.7816019765722264,-2.2594583509154305,-1.3786490554901247,-0.7875371587394191,-0.45093477104477764,-0.3705276120309308,-2.0238636642823673,1.021296490062599,4312.5,1.6980256554604611,1.4800525282571548,0.34954754521109693,1.1210832973075924,0.4447527476552131,0.6276995995832487,0.8589603392874182,0.4108617654605826,1.3716760847747955,0.32234622882159253,0.6563088938942594
IR007_2,1,IR007,IR,IR007,7,2,1748.0,0.29568154235427757,5.5897965032834644,0.09409765138511338,5.19166699570183,2.8935851170785156,-2.262458982837138,-1.3278104803941284,-0.7857052103893204,-0.4467699357367845,-0.37998131654541384,-2.027643508700562,1.0899579513751823,3375.0,1.7228991695493858,1.5122308500862074,0.1473377518142075,1.1251229422409812,0.45710424092362917,0.6896291663576988,0.8410570676409702,0.42594282500910896,1.436455786711561,0.11148017883758643,0.6885191663946196
IR007_2,2,IR007,IR,IR007,7,2,1748.0,0.3007135752925988,5.514857978839298,0.0909914153837402,5.440208354467093,3.041286505497859,-2.3016855000667915,-1.318616875127082,-0.802501175122009,-0.4755583838803986,-0.35119494852017397,-2.0258853017083753,1.2488345212975456,4312.5,1.7017816194376145,1.5089778033746053,0.08490166768603935,1.11975768737916,0.5252205462665775,0.6202514484302682,0.8122277979528391,0.3715737133933803,1.4634407153900868,0.02687272672288483,0.6493554149106969
IR007_2,3,IR007,IR,IR007,7,2,1748.0,0.2955376839063765,5.643939962210432,0.1059658157578466,5.334839185249351,2.8810128440296365,-2.272358384449585,-1.3485297120567132,-0.7803589372258969,-0.4360541590852695,-0.3896174785640923,-2.004970445536076,1.2240506858372857,4312.5,1.7823249516136985,1.5640234046423596,0.18381987080907708,1.1564155606253872,0.6052013018235216,0.728830403256562,0.7166831100385221,0.7138069409914791,1.4116257453391,0.1586854931287911,0.8121107694228976
IR007_2,4,IR007,IR,IR007,7,2,1748.0,0.30373377539179147,5.618463363820906,0.08669498901612567,5.077713833665852,2.8878349530430576,-2.2867928648924196,-1.374377655199644,-0.8076754896446343,-0.4706015470669943,-0.3469788577075124,-2.059819483484706,1.1850121861017286,4312.5,1.715847203335837,1.499357013578097,0.10310006272047534,1.0959448715601148,0.5695252078038505,0.5843394943017693,0.7431707770829673,0.24808058895123206,1.4053960239690069,0.1579439730923722,0.5066113462295538
IR007_2,5,IR007,IR,IR007,7,2,1748.0,0.2989443856098707,5.465839612867916,0.08386610905815459,4.870638371742013,2.77098977680597,-2.2549726186246497,-1.2867076561860136,-0.7852113950964607,-0.4439269650799444,-0.38807900019141395,-2.0092643592773634,1.1652178857219186,4312.5,1.7929002909561897,1.5398651684079776,-0.00021937319907746247,1.1424232730051076,0.5864802283480386,0.7311362122773939,0.942431556021617,0.6444634132568047,1.4474324552431528,0.03891784217467259,0.709455947543986
IR007_2,6,IR007,IR,IR007,7,2,1748.0,0.29938570706056966,5.536470330083248,0.10970523946232855,4.841470982253759,2.759276348801418,-2.286297524296966,-1.3381004228804927,-0.7969069136777853,-0.4517050712113566,-0.36966446680330345,-2.047508790226933,1.2145145023952213,4312.5,1.7323221573107308,1.523472333668305,0.22433040274918797,1.12023632135926,0.5482831856061677,0.6638898903480029,0.7292698624463582,0.5966568350717888,1.3370894634543404,0.32497707218303146,0.6101899457697255
IR007_2,7,IR007,IR,IR007,7,2,1748.0,0.29902639582329354,5.52817587742619,0.0875441311063753,4.995276872033334,2.773994426714032,-2.277165028725853,-1.364069019190413,-0.78669290647171,-0.4517148404100857,-0.3719795904464508,-2.000102581047839,1.1130281530364372,4125.0,1.7234429098712951,1.5099610695943082,0.023254968118436796,1.116603617402637,0.624479457762731,0.7755992251707602,0.7612013307327652,0.5021977702072887,1.4555160271783392,0.19745952027095678,0.6948909685878834
IR007_2,8,IR007,IR,IR007,7,2,1748.0,0.3015848486148722,5.691448782765684,0.09559925092829683,4.8213643756563345,2.754434938182092,-2.2941424068128704,-1.3081601287969247,-0.7958403985646381,-0.44919710179153927,-0.3758064991556474,-2.0298593867935657,1.1742712651339207,4125.0,1.7245473584740203,1.4911224722751435,0.010956826994576637,1.0856260915882083,0.5805934607366794,0.6793246718866395,0.7803136435178507,0.57408629966029,1.4967706198506936,0.147652247529594,0.651990681737504
IR007_2,9,IR007,IR,IR007,7,2,1748.0,0.30139732938968433,5.480534926753223,0.1042875220946597,4.986582670319037,2.9228910787671607,-2.287550023660349,-1.3328218963451044,-0.7899765092899405,-0.44867523711554946,-0.3762113713894002,-2.010430301991043,1.3956754158723168,4312.5,1.751963241573036,1.5295425680194554,0.2718845743176373,1.1249380215419544,0.44492216111541155,0.6334547376841129,0.9250640690543276,0.6382369791401445,1.4206103841328197,0.1424157566344832,0.849158400497741
IR007_3,0,IR007,IR,IR007,7,3,1721.0,0.31211467167284157,5.216835926184899,-0.013734443864338322,4.981500172923821,3.0390417710412594,-2.3603712280016675,-1.3182641295811859,-0.8199321773727033,-0.6093258565586409,-0.2664435765454207,-2.050407425795898,1.373031271581751,3375.0,1.7396519450145254,1.5209123528692476,0.04757835154513266,1.0356237132321557,0.5075849441746231,0.7757477147592996,1.0725898368754434,0.7166727006142103,1.532969769819478,0.23493040114207572,0.20735956049072712
IR007_3,1,IR007,IR,IR007,7,3,1721.0,0.3069163497641358,5.212151399871939,-0.009586077264557555,4.583378352771552,2.741132377021702,-2.330750522071939,-1.306193755603369,-0.8018640713268905,-0.5935223351915236,-0.2807980782956764,-2.031333443403871,1.2540974824698101,3375.0,1.7106580667012512,1.4747971851192565,0.28808526862253986,1.021869877246193,0.3572008860252345,0.6900491382755628,1.0276081161578616,0.6637159428569399,1.5461046383183237,0.14618222785301477,0.21926642470933003
IR007_3,2,IR007,IR,IR007,7,3,1721.0,0.31381808288585933,5.250996152383428,-0.008210723347314994,4.727780993768536,2.954304744750895,-2.370175979658818,-1.3341580864957243,-0.8269591751961543,-0.617232295490048,-0.25916128715713205,-2.0737657885084473,1.1814726217490783,3375.0,1.7309927173594946,1.4911795907742025,0.22427255791695214,1.0447616535870285,0.47143647859215276,0.7366964698204097,0.9771093266910598,0.7703557406254271,1.4980221137208258,0.16716650416890838,0.05432332363091071
IR007_3,3,IR007,IR,IR007,7,3,1721.0,0.3131792003503454,5.2238337278035285,-0.0031872749558254252,4.795285726476057,2.913376870415384,-2.359344904623194,-1.3067986907375586,-0.8129844857300764,-0.6062743209746173,-0.27079371930070956,-2.054036366102424,1.1700446158654851,3375.0,1.7499298049084622,1.5431559274042512,0.15678303628047394,1.097697342642787,0.5310271639390924,0.7954648559520006,0.9217791898950988,0.777371934052544,1.5262170876072196,0.03490907921545524,0.27795330681870295
IR007_3,4,IR007,IR,IR007,7,3,1721.0,0.3116734293677799,5.243162132308868,-0.027603568028287534,4.900097098077331,2.9386940659259726,-2.3350619413440437,-1.3220068425539022,-0.7981600763943439,-0.5962343212017768,-0.2790155471461233,-2.036319933608617,1.3275735404664828,4312.5,1.7022488569264038,1.4968812423478763,0.4133528581098198,1.0765341774019113,0.23277243465497674,0.7394274034056333,1.1573427884588396,0.7467075194786815,1.4995675226661138,0.16670773958989335,0.2690434695097795
IR007_3,5,IR007,IR,IR007,7,3,1721.0,0.3133052756483293,5.276600101447957,-0.009182267662751691,4.777461797972497,2.8697433259608265,-2.373940299041539,-1.329827516944303,-0.8159061919879649,-0.6087378682393513,-0.266570223549249,-2.059686683598703,1.501794153229481,3375.0,1.7229953127349633,1.486934556449856,0.2440699319859057,1.0146171997875837,0.03410292824278123,0.6962634790585408,0.9987851482217235,0.7621755629349559,1.496446524539108,0.09553638827591221,0.2027084460174166
IR007_3,6,IR007,IR,IR007,7,3,1721.0,0.312657488683435,5.354751044665932,0.007159975579021339,4.71789324294064,2.8149969598493287,-2.36428338140905,-1.3208187747876585,-0.8127901699509557,-0.6112300644596981,-0.2674231735366575,-2.0452463313724762,1.4045141973838176,3375.0,1.6929496446085264,1.479978462277413,-0.0018809741973199669,1.0532914921874126,0.34644730636267196,0.7401528780597711,0.9253586918153887,0.7964362775272898,1.4941947321235518,0.3769372151040081,0.24452699654535084
IR007_3,7,IR007,IR,IR007,7,3,1721.0,0.3222727645017996,5.377191330241283,-0.020502813462741198,4.695454905174385,3.0234060203653907,-2.386517897097761,-1.3323169763017437,-0.8397094467359961,-0.6249606476998981,-0.25308824373642935,-2.0356258296092817,1.5362097741099738,3375.0,1.754956437040499,1.5053739378867952,0.45428935701834217,0.9696095094404833,0.34538748122248364,0.6868834861306407,1.0601672536036126,0.6679803128854943,1.4936176091118532,0.0,0.21589814687468645
IR007_3,8,IR007,IR,IR007,7,3,1721.0,0.3131751302473394,5.398871330775869,-0.014971723958543298,5.336256389019618,3.1766317873605345,-2.348803807833089,-1.3168494101571426,-0.7982052058918844,-0.5945716856683078,-0.28022252595000674,-2.032598977747579,1.4656750560127265,3375.0,1.766854190365979,1.546015399969204,-0.05549137274599241,1.0632159491748863,0.24938151200736247,0.7583587043787422,1.104773770719132,0.8202217764364547,1.5827169433074326,0.18302812728438053,0.17976938697333933
IR007_3,9,IR007,IR,IR007,7,3,1721.0,0.31651518928014816,5.294013374865087,-0.016798088670260194,4.624286787121238,2.9086916662403492,-2.3739029303576036,-1.3304165676953188,-0.805508154644686,-0.6204813450150423,-0.2642146679703627,-2.060449346709781,1.568972221452662,3375.0,1.712975960804335,1.5057250725736648,0.3289490348698929,1.0347324883193567,0.16639789977996355,0.7347021566863965,1.0366041707730538,0.757900886893595,1.4340460161853545,0.157339876688365,0.2044846512605241
IR014_0,0,IR014,IR,IR014,14,0,1796.0,0.20089592130002923,20.979032522445962,0.024572445964733996,9.535844039852526,3.779235461401605,-1.920088302165601,-1.6881486498831575,-1.7439775362763146,-0.38168505960473764,-0.28761064834725525,-1.7329385383386156,10.972555158197439,2625.0,1.4504371989968752,1.1624842700765343,0.3675774813447271,0.8388810776170326,0.5993543064421499,0.7702814640251278,1.1369996378748992,1.2564430956980466,1.3962231190986543,0.23217664139936361,0.7640728804367402
IR014_0,1,IR014,IR,IR014,14,0,1796.0,0.1876082149913948,23.494900235383312,0.04267861164571619,10.70609955538507,3.928949722346863,-1.890639797979015,-1.651741039718924,-1.783892388295032,-0.3393595085564613,-0.3275953568650537,-1.6926028963252149,10.796292448882514,2625.0,1.4107982097754317,1.1840825517213343,0.565753080636208,0.8805197440975455,0.731028888753533,0.7302366314351879,1.1960860125216943,1.2689276859664256,1.3566092098544928,0.06346180695331052,0.708634099388382
IR014_0,2,IR014,IR,IR014,14,0,1796.0,0.18829755370974233,21.813753313541035,-0.047173831731231845,9.350649403034925,3.5118281069138817,-1.8031991967387102,-1.5219254748314786,-1.7787065080135942,-0.35805651214387335,-0.3204395223158395,-1.679097819531849,11.110128486951465,2625.0,1.3638759116560986,1.107764082150725,0.3143393009180307,0.7904222536572098,0.5379689355949311,0.6379272054366397,1.1137606064054473,1.2155835255751368,1.4316456476891195,0.2954552411255868,0.835243444811052
IR014_0,3,IR014,IR,IR014,14,0,1796.0,0.2025467531070268,21.799651053271102,0.12035103519820349,9.341965091690332,3.7654350574712585,-1.8135979370176978,-1.5516386338314967,-1.7378740772460293,-0.3366023945807525,-0.3388416867725521,-1.7147313053154982,10.487868751165795,2625.0,1.412012813499572,1.1812696197491057,0.3758228629540529,0.9367969531601845,0.7831677173400626,0.7935334286660028,1.1117078693667926,1.2623990214602074,1.4503321406141039,0.1497768657997084,0.7772203970797097
IR014_0,4,IR014,IR,IR014,14,0,1796.0,0.19588993022199525,20.640843382266006,0.04393475248663492,9.239926390124598,3.5728438496209023,-1.8178492580359584,-1.5344248756718621,-1.7825931624665092,-0.3811816897232008,-0.29730450657424773,-1.7204867204676735,10.884937118050061,2625.0,1.4943550948569218,1.2109623519093615,0.24223261773402635,0.875189348075749,0.7625191630077901,0.7473124746392258,1.057598032333363,1.2844949460150876,1.4507460954705849,-0.051516013615224836,0.8612595960426718
IR014_0,5,IR014,IR,IR014,14,0,1796.0,0.1925763986185857,22.54082674506005,-0.10319671656923206,10.062706506700613,3.763618220470941,-1.8586825579826443,-1.533223492337828,-1.7965386329308213,-0.3576821702705944,-0.31792381760547844,-1.6755361645890516,10.88174066399385,2625.0,1.500617260350852,1.2253997157096324,0.4729011845264657,0.8961843517584466,0.8525350742107025,0.7764527374518644,1.1855878606802064,1.3883571389227465,1.5226517106839461,0.0,0.7864774081975419
IR014_0,6,IR014,IR,IR014,14,0,1796.0,0.18594600200898276,22.562015898158915,0.1442841302822852,9.34201997285648,3.4111874078853752,-1.7080839374194647,-1.53997008842998,-1.755541892740562,-0.33422496965161275,-0.348805356100735,-1.6402683784456906,11.415924272817435,2625.0,1.3386076053345204,1.081171323863119,0.5012587894397862,0.8016460596045104,0.6535735015454578,0.6945716179155383,1.0857664790345265,1.2857693086001518,1.3757124029934005,0.32938404421743633,0.852837999295113
IR014_0,7,IR014,IR,IR014,14,0,1796.0,0.19724738633620345,21.813923325580525,0.006217573906520395,8.879343609192462,3.488266573203896,-1.8035759585526572,-1.6233009690237925,-1.7330960677996472,-0.3456281329481828,-0.32706083328144514,-1.7017766437351245,10.388848076594341,2625.0,1.3859073912838213,1.1740079513788917,0.5817828638616466,0.9308808475905239,0.68462879350981,0.747459052547572,1.067536753692824,1.221846069213687,1.4766412661314445,0.4442571994934585,0.8479081435378178
IR014_0,8,IR014,IR,IR014,14,0,1796.0,0.19395658449347675,23.25967545725965,-0.06441570520340412,9.419473746100246,3.6371486844757355,-1.8562383275029832,-1.531961705744713,-1.8339104304096308,-0.3482189020741521,-0.32495441323159996,-1.6921159608041278,11.050550203142507,2625.0,1.3793650440378107,1.1320379539389576,0.04838623831629768,0.786569561297643,0.7990798154138007,0.7298794266088402,1.0465668047547343,1.2327013436261587,1.4367495311395033,0.07525360197020951,0.9024402473283963
IR014_0,9,IR014,IR,IR014,14,0,1796.0,0.19782168237682113,20.419261789500638,0.13389365155398428,9.356566377162235,3.611847348306008,-1.7643185569550894,-1.5329900551034497,-1.7960096553808358,-0.36889482248282673,-0.3091957570559314,-1.7181499033630643,11.135247204557821,2625.0,1.376490010946953,1.1128668497448178,0.23697345579181903,0.7975044240397424,0.6522019200864949,0.7131676676623883,1.1878064440161713,1.2023471201463358,1.4824962267529018,0.07452852222556602,0.8478150966562727
IR014_1,0,IR014,IR,IR014,14,1,1774.0,0.16225961574808176,25.263029090382723,0.010314469549838725,12.545214699513343,3.996988645496259,-1.6903403258758243,-1.6581950372420968,-1.8502667804156157,-0.48417114922033416,-0.2222609540010215,-1.79279131694099,10.55478612620823,2625.0,1.3039718261099025,1.0332822668488706,0.5237262487452258,0.7045028890634694,0.692458726599241,0.6994854195348269,0.936632431943621,1.0494793293015001,1.276795910513726,0.4928012725368551,0.6537401449644148
IR014_1,1,IR014,IR,IR014,14,1,1774.0,0.1644403549316538,24.425977240548974,0.1613806787770506,10.868208479740446,3.5000985242639397,-1.7041072841838572,-1.7196883832864442,-1.9217801144087312,-0.46531364619700677,-0.22791341895788483,-1.8241071120640133,10.461022867511689,2625.0,1.2561874528353794,1.0137225527630203,0.5457226282609579,0.6799135100776756,0.6144096117810879,0.6692928842681375,0.8234535095295397,1.056944321492158,1.217340141422384,0.5557905496603137,0.5772147142800449
IR014_1,2,IR014,IR,IR014,14,1,1774.0,0.16427758548831148,19.189474403929832,-0.002399861023174424,9.369719612902072,2.9778641747469305,-1.7347888880782576,-1.7230858920876562,-1.884666198245741,-0.4669786450313848,-0.2262681650387099,-1.839058555554411,9.624382445925649,2625.0,1.2842586014730948,1.0727027992531406,0.3097323675181576,0.75299850452478,0.7424075014353163,0.6411731634636602,0.7567034017358079,1.014620853902416,1.23548622401425,0.3109379692968752,0.6471128625998851
IR014_1,3,IR014,IR,IR014,14,1,1774.0,0.1649884386858454,20.31997734805337,0.008876084388733307,10.2517088727533,3.2367351986120676,-1.7840644466867732,-1.7349184003668423,-1.9137236063689191,-0.4704297272584823,-0.22148042513902458,-1.8560118619376542,10.496032196794566,2625.0,1.2956721779690883,1.0632324836874167,0.3768048503523731,0.7296441871194722,0.6503060087523082,0.7096295028482527,0.7771112668794734,1.0541731734328426,1.2115648773373235,0.0337380512703539,0.6634993711986864
IR014_1,4,IR014,IR,IR014,14,1,1774.0,0.1699298238942416,20.93801916948607,0.14688094434294954,9.391989933667254,3.014159580479415,-1.70578394195149,-1.6936501784100952,-1.9120724953661645,-0.4869792122654246,-0.21599521214349923,-1.8593044214570853,10.20960103804172,2625.0,1.2724855793365195,1.0061103759995225,0.3481180391637067,0.6505317284467594,0.6953879550260708,0.6989288282927822,0.8941230548568846,1.0600908300472243,1.2513024902134475,0.3156361829878247,0.6851130260565309
IR014_1,5,IR014,IR,IR014,14,1,1774.0,0.16061180319362336,23.97024424741732,0.055991564719767906,12.019100790508627,3.674043372852267,-1.703199985282425,-1.631645427206755,-1.8722622379038896,-0.47159989486143145,-0.2284168649601706,-1.828934304841646,10.980690753123552,2625.0,1.2665055200575421,1.0362256999797237,0.3173199860689281,0.6642318742648785,0.5620009352135935,0.6038746281666056,0.9433997054266909,1.1090653369840797,1.2218151464607128,0.3334750489828053,0.497917323601044
IR014_1,6,IR014,IR,IR014,14,1,1774.0,0.17053928369117408,20.061689167318438,0.040531255043170115,10.309008223270538,3.399964226740402,-1.7953223566537047,-1.7639336595614192,-1.9584622435796186,-0.5010957428927812,-0.20300151345100426,-1.862910529105269,9.701233624503082,2625.0,1.3307737504675312,1.098513283864384,0.5419174110225232,0.8419048195081293,0.7917403418388406,0.7397417418921812,0.8786222038305662,1.0359922678270055,1.268948467771197,0.10656739988034092,0.716357914150116
IR014_1,7,IR014,IR,IR014,14,1,1774.0,0.1636367388075487,20.2622671039027,0.1769990580709848,10.296746930385057,3.2871222490227594,-1.7128244133093615,-1.7462121815539184,-1.8606287912111588,-0.501473288540805,-0.20754987977029582,-1.8644591918782938,10.796065024427492,2625.0,1.2706333409257609,1.0417903808109192,0.2324347973595804,0.73335180415851,0.6574300450873293,0.630934393042975,0.8133568626530828,0.9820297604778134,1.2418852977444192,0.1170799502011799,0.6360917928312254
IR014_1,8,IR014,IR,IR014,14,1,1774.0,0.1737648938401217,21.13879175672475,0.01551116109656256,10.29705941488888,3.338197989876794,-1.7972342128302037,-1.7870667340507438,-1.9409660475714114,-0.4932698062475168,-0.20664758174328365,-1.8625179505840364,10.253110853966739,2625.0,1.3004647195617618,1.0187061434314184,0.4540532470283093,0.6849508770418287,0.6756477984127551,0.647921586592127,0.7677583338566389,1.1666929745689827,1.2455352860026236,0.40612565433453157,0.6010655128825209
IR014_1,9,IR014,IR,IR014,14,1,1774.0,0.15527910114810928,24.101619578058415,0.05238635177039436,10.932803197042931,3.393247988601491,-1.6769649146402226,-1.6545638349877962,-1.8169206759558139,-0.4293778666167616,-0.25679273406561615,-1.799098838580135,10.0313938499315,2625.0,1.2529866877148546,0.9895752200046454,0.47117939566279704,0.6658540083901952,0.6963830368096615,0.6735244344758831,0.9362396487866605,1.059038133230777,1.2210426417217632,0.45247890283430336,0.7032213061201439
IR014_2,0,IR014,IR,IR014,14,2,1752.0,0.16697630895769508,21.783970844672194,0.03852373561244559,11.085996446362628,3.5922829444000266,-1.8417692431462667,-1.639432090719158,-1.4791789335379275,-0.4963189223915976,-0.22176997669353063,-1.9804143880914638,10.801699703299278,2625.0,1.1647978412056523,0.9714734210594193,0.3079953761927159,0.672332778014485,0.6806291094718839,0.6250376412606273,0.7550882549984566,0.925626024924564,1.220437461333671,0.4737822798757448,0.6162949341527182
IR014_2,1,IR014,IR,IR014,14,2,1752.0,0.1652099762111653,18.49769867322734,0.017063802956744745,8.868344098182172,2.8660428978505124,-1.8357572565377052,-1.6421259175146996,-1.4794410080218436,-0.5151690224285955,-0.21258161853757346,-1.9532373358709272,11.893801734100549,2625.0,1.1727607928038755,0.9292512805645176,0.3011553642922653,0.6138876174357866,0.5128900701200919,0.615724567885934,0.81936106502963,0.9478677721355969,1.1520791848154732,0.23791592562337757,0.5496105316523644
IR014_2,2,IR014,IR,IR014,14,2,1752.0,0.16665924349211497,22.49283686438481,0.11517793111136117,9.965881661748814,3.2929049137815096,-1.8250098068497747,-1.685023674987019,-1.506328740081107,-0.51033395912098,-0.21154111138855045,-1.9992573015085766,12.33437863006518,2625.0,1.2278736365978156,0.9827330478609906,0.17384856747379307,0.6080703387733444,0.7325764021415061,0.6191800155581785,0.945141404897409,0.9440465597338553,1.2239972571086892,0.19064876964746702,0.7092454325932346
IR014_2,3,IR014,IR,IR014,14,2,1752.0,0.1558316245603906,22.43044877346915,-0.004182625639449935,9.873766057442626,2.9746789887045266,-1.8002415950247206,-1.6065767453072286,-1.426849266515008,-0.48632776008632017,-0.23362639615037495,-1.9315986932463056,10.938429439594474,2625.0,1.1769148030947625,0.9354971426035671,0.5264019891552236,0.6374462421806846,0.5165828500957237,0.6259951719269826,0.9335087371941716,0.9613585976550808,1.1459333248164867,0.5118655818666085,0.5013018954075263
IR014_2,4,IR014,IR,IR014,14,2,1752.0,0.1646171113283267,22.108611644492765,0.17908402899599568,10.273047069742121,3.281280095539107,-1.8010669516595033,-1.6231968123776739,-1.4757605244991134,-0.4862753039187606,-0.2294273370829074,-1.9610603263016813,10.43559102368107,2625.0,1.1993074100621142,0.988145504389184,0.13654063700236913,0.6349438603329698,0.5926786714481366,0.613213975534616,0.8519250902766958,0.8290022183514215,1.1694203109850767,0.15852504918607438,0.5284360652909679
IR014_2,5,IR014,IR,IR014,14,2,1752.0,0.16003908453777313,20.78334058377839,0.17717135858721678,10.060283519161336,3.0426469412159762,-1.7479851986714205,-1.6044535380488663,-1.4822388413921852,-0.5148251739865228,-0.2170011491006118,-1.9216368200312668,10.98666016210861,2625.0,1.2499638687501813,1.0149911497236603,0.3944250173660389,0.6977124561482767,0.6735500230879711,0.6779242874828924,0.8579188490962718,1.0542185481247182,1.1953984797767796,0.3833922722472125,0.5611170819023893
IR014_2,6,IR014,IR,IR014,14,2,1752.0,0.16680713531661057,23.089496518692105,-0.06314883630498642,11.131033684581034,3.701981913904967,-1.8826469382380948,-1.658670952440251,-1.4911870658113697,-0.5170382731370478,-0.20883194946149305,-1.9844543673815715,12.365428624323512,2625.0,1.219854187567041,0.9833342900180407,0.11750261742897071,0.5810953574991569,0.6350477134133373,0.6259922823190393,0.8666636948755739,0.9620682186171883,1.2578967125149372,0.41917358599425286,0.7091461463437541
IR014_2,7,IR014,IR,IR014,14,2,1752.0,0.15711734210223313,22.072106391528873,0.08912359797056782,11.058568579167865,3.3448661043444017,-1.7410031377312947,-1.6104972267767705,-1.4469058207557928,-0.4934056582422677,-0.2300140925707266,-1.9318042336041672,10.390034305744562,2625.0,1.2797246887806166,1.0064766875634406,0.5456979777701867,0.6847270978338051,0.7135767615125035,0.6854623479904697,1.057794749210672,1.0999764513824084,1.2349984885638619,0.5339717936211288,0.6593489208001405
IR014_2,8,IR014,IR,IR014,14,2,1752.0,0.1570719792291965,20.840881792360655,0.09730872444474802,9.547693673942158,2.9786026442926814,-1.7771554432297705,-1.6112308251252814,-1.4708960289560982,-0.47987762203395135,-0.23473098596608485,-1.9463750798368853,9.843225806358333,2625.0,1.1961421932533796,0.9821523401707764,0.28546327326645393,0.6722088212508025,0.5903678409629236,0.6200577585236078,0.9171168325611962,0.9329314288709594,1.1725810466750646,0.28998988187830765,0.5352028175904519
IR014_2,9,IR014,IR,IR014,14,2,1752.0,0.16755440215327547,22.327872793726986,0.05839240943662225,10.923268122852953,3.5668439131878378,-1.8234514029129643,-1.63368175071261,-1.4871401871952221,-0.49361448481969944,-0.22379618908042923,-1.9610205536163121,11.028045378603387,2625.0,1.2185342036179743,0.981298340409523,0.22148854954527872,0.670461433532012,0.7018242574655555,0.6449833127468262,0.9562249069146643,0.9028909286971402,1.1822699208202578,0.19963082149098146,0.6968285563669167
IR014_3,0,IR014,IR,IR014,14,3,1728.0,0.17667320191025673,16.484852301640835,-0.009415601631434328,9.523510628667882,3.2116996711126773,-1.914278168640272,-1.6374224838170055,-0.9052628368185333,-0.5689978577194479,-0.24936879278478302,-2.127239485848347,9.435577466681531,3937.5,1.2513088666503256,1.0086381495538352,0.20143418882392808,0.6394545029584191,0.5321812309485547,0.6027738357020846,1.0493354163139028,0.9803234247522644,1.227972515308646,0.343190836141958,0.6057635758096455
IR014_3,1,IR014,IR,IR014,14,3,1728.0,0.18471180736777654,18.22934575735986,0.1611325629039476,9.406722092821783,3.4442988645311807,-1.8878635076092245,-1.6619981131670245,-0.9457097024087339,-0.5319732832343593,-0.25971251387969635,-2.0823552490500643,11.47209034354004,2625.0,1.2089019933435101,0.9786381105824472,0.31252890886347484,0.6980521495031189,0.7512303319160163,0.7123485502578497,0.9613242022268791,1.0144427347011644,1.2820724450229781,0.3324287797764372,0.7566377348299763
IR014_3,2,IR014,IR,IR014,14,3,1728.0,0.18181071173103466,16.321694452314507,0.036681273055120346,10.0112563400632,3.3370929717229783,-1.9243483636597674,-1.643328483221673,-0.9179170406019477,-0.5856999583767424,-0.23905767342517134,-2.0824020470355857,9.972967665500773,3937.5,1.2620840410540386,1.0119424707248414,0.10637234789506107,0.5164585600318644,0.5355690047001976,0.6235992499058182,0.8980183461819718,0.884286718804287,1.063994751888099,0.34266345891342787,0.52897041942157
IR014_3,3,IR014,IR,IR014,14,3,1728.0,0.182495827355548,20.26975865527124,0.02593454956092402,10.870887964324064,3.945504976401715,-1.9602152678341036,-1.672470974220575,-0.9699121090563995,-0.559348232243404,-0.23861781873380225,-2.1250624433467866,11.29552753011291,2625.0,1.2321742372141076,0.9837359609857927,0.5285097378908254,0.6907958074289887,0.7402844770220005,0.7324535185154921,1.011087969453095,1.0655917849720036,1.2432107620656387,0.30791787798141684,0.8001429484529123
IR014_3,4,IR014,IR,IR014,14,3,1728.0,0.17572789700597707,17.914142236457234,0.15510189635511393,9.969482894768268,3.232326293477028,-1.8325962828336186,-1.660746546092336,-0.9059705498785667,-0.5634695409117891,-0.25362468543196715,-2.0765343449951885,10.683118249643961,2625.0,1.176442316109557,0.9564707120588579,0.3899989615705994,0.6484739801414137,0.32126068191683943,0.541642677550065,0.891337955503292,1.0070515992665683,1.149167047076834,0.11164436066359121,0.6735573732937694
IR014_3,5,IR014,IR,IR014,14,3,1728.0,0.18314173348545765,18.819334650966233,0.06427658059432555,11.610223371056412,4.027156610713826,-1.9754201060173684,-1.6471575395474494,-0.9514793390211952,-0.5835528588205444,-0.23172456888508844,-2.115256970259938,10.551513992521217,2625.0,1.191716936899829,0.9568584084590604,0.47211718108322814,0.6543105522022364,0.6149493488226648,0.6144667591990961,0.9421821192769487,0.9403284307588877,1.1940650579980854,0.20440525955479122,0.6395962811674315
IR014_3,6,IR014,IR,IR014,14,3,1728.0,0.18030842927811316,18.16706280003059,0.030873387720871098,9.857496419738862,3.474274667302126,-1.926096783456938,-1.7012950714921304,-0.9564434668380661,-0.5731453862826611,-0.2348651913078094,-2.085807551847866,10.656443189707767,2625.0,1.1763817260993275,0.9463015856968984,0.3541340969365645,0.635429034548254,0.5776024921998055,0.6607797861551072,0.9918154057693505,0.9422681812127376,1.1918098627621834,0.35538623629822097,0.5861000874303706
IR014_3,7,IR014,IR,IR014,14,3,1728.0,0.18321628751899854,18.028091580055403,0.1619228101254884,10.425076959145764,3.582476382628103,-1.914571412482919,-1.6477801900223386,-0.952614211752273,-0.6010887705228531,-0.22466198755538602,-2.148125476926284,11.013061770785484,2625.0,1.2490665024097096,1.024825778240756,0.2523346226844658,0.6315640790172463,0.6570197096023477,0.7126540059077767,0.9758242391194328,0.9721299302509088,1.2893658376288972,0.010353946585087216,0.7055472984082475
IR014_3,8,IR014,IR,IR014,14,3,1728.0,0.17723063364831648,18.897337535583098,-0.016058237646989482,10.838984760885902,3.706891089128341,-1.9156629094966136,-1.5992658008460907,-0.9164529644255945,-0.5764906558774564,-0.24603950915856965,-2.0541007298102323,10.038548699009889,3937.5,1.111780743835041,0.8754141235524202,0.3744162291035543,0.6541532981054075,0.4908519398776314,0.6108579921211713,0.8831644981039795,0.8155306717419797,1.1857067019704057,0.36806859882246473,0.518487538062677
IR014_3,9,IR014,IR,IR014,14,3,1728.0,0.1796170144854992,17.55465208868352,0.04944340558487614,8.718221289393773,3.0428299228429623,-1.897065515016262,-1.6413858073078584,-0.9115989865959188,-0.5462372936128138,-0.25973739143230845,-2.1106607427841197,9.805697024045493,2625.0,1.219865700345513,0.9735020019029393,0.18300586271753128,0.5930741408815583,0.38656390990494865,0.5520741868172345,0.970615740313447,0.9514556621230293,1.2667516941395838,0.2833902922983409,0.5801874093584581
IR021_0,0,IR021,IR,IR021,21,0,1797.0,0.5173750351356814,7.1239481649909155,0.3166918088075313,6.472171125971047,6.1710962689046,-1.5877500226995296,-1.4906068161110613,-1.794935390465822,-0.300571814567092,-0.3730517200795017,-2.7713612222311452,2.8380948343262826,3937.5,1.6806383086577255,1.5422533639608942,0.38258082183891245,1.1489779913241345,0.5030991945457097,0.8088915399238067,1.3384757158984197,1.0396147015569093,1.3436218602940664,0.27084936702012463,0.39686297574618457
IR021_0,1,IR021,IR,IR021,21,0,1797.0,0.5046838316506843,7.312601087584272,0.3285513708365054,6.7820833378594285,6.428711746381715,-1.5979805867930204,-1.5053959496270697,-1.8178993194870787,-0.29498569337575514,-0.3769736342440854,-2.8150655856224005,2.3801254285556386,3937.5,1.585686467268383,1.4400103607436767,0.020034513093289453,1.0064359980214517,0.49320726081894495,0.7386725138922028,1.2306524699263106,0.9960593895743979,1.3166065092710213,0.2565144614463066,0.4324735022825997
IR021_0,2,IR021,IR,IR021,21,0,1797.0,0.5185914532581818,7.484617525159112,0.28519127151772733,6.538216409125035,6.320790583625939,-1.5942766766309093,-1.5082581208655768,-1.8048061026645286,-0.2993156078323145,-0.3723513447839606,-2.797984496345638,2.606861805098273,4687.5,1.6346204053453883,1.4955191296762778,-0.07709470347854507,1.1111187716906539,0.5758702019069329,0.8266915950318181,1.1950454386269875,1.066810261658444,1.3776646051480972,0.17957174802175077,0.41079892906144333
IR021_0,3,IR021,IR,IR021,21,0,1797.0,0.542471329253776,8.510098989382476,0.27139175956321915,6.815378740533507,7.142685373661538,-1.6243808340990344,-1.5010983685683392,-1.8677897407913227,-0.28515654974444277,-0.3860838587504434,-2.8335032047271853,3.4353929148467186,4687.5,1.5669991542810464,1.4772134612224506,0.5476416066030922,1.1202005226056604,0.3143208051551772,0.8276904852563752,1.234208020577666,1.1307442758464452,1.4569747298369435,0.3730908092338791,0.19812785271320615
IR021_0,4,IR021,IR,IR021,21,0,1797.0,0.541073080871937,7.831762783607919,0.25976363428376686,6.363302513604776,6.504837903353128,-1.644312379300205,-1.5109937859379627,-1.8618749345854992,-0.30089070032183673,-0.36544519466810815,-2.8229671299301193,3.0868533960429287,4687.5,1.5388157268325047,1.4507681474598988,0.142799755550448,1.1309592308972503,0.044439512628690545,0.7948928393796519,1.14681070873085,1.0414183285544,1.3082479475012017,0.41744482163602875,0.38516777705768196
IR021_0,5,IR021,IR,IR021,21,0,1797.0,0.5163688858002449,6.960252914004679,0.29239258504945376,6.505210379083624,6.105209749742858,-1.6089763343064545,-1.493181518230981,-1.8109143462131245,-0.31566629556038756,-0.3539173092511061,-2.7661462101168444,2.7607625237044937,4687.5,1.654891986178687,1.504897594483232,0.271632766529989,1.128823099203815,0.3759507774522004,0.8525579910107765,1.2326934984935456,1.1746552158552868,1.376168931366234,0.13423062334656552,0.32649960312759757
IR021_0,6,IR021,IR,IR021,21,0,1797.0,0.5288845713176177,7.282977272536502,0.2985363022333172,7.000790485353469,6.80371516498473,-1.6111041806155362,-1.4998344432323072,-1.8105862448388514,-0.3026495074128726,-0.3680577803752442,-2.7489703032230426,3.4181994918202196,4687.5,1.4884832132575778,1.3691074675667712,0.18585269017370384,1.0187508855231082,0.2777266066117225,0.6483828157896038,1.1543098188827818,0.9158827201814168,1.2978048309045807,0.07290542781989875,-0.009310655950639497
IR021_0,7,IR021,IR,IR021,21,0,1797.0,0.5378468691357531,7.437967452441158,0.3004312152873554,6.430350901036939,6.286185879791172,-1.62358593949073,-1.5085685870950214,-1.8326876381993205,-0.2884408506046712,-0.3828715029789915,-2.775795487461108,2.7599046982819573,4687.5,1.685897852408996,1.5319147720896502,0.21985162795771246,1.099446745782276,0.4543144485817391,0.8036532640493144,1.408993349218657,1.0599602908963905,1.3407457867490677,0.2032754099527313,0.14769338429499654
IR021_0,8,IR021,IR,IR021,21,0,1797.0,0.5278730634071506,6.968018953226953,0.26791986505592946,6.165921218582065,6.097299225361539,-1.6098114177332135,-1.4907456378949666,-1.8020714621979725,-0.31106225072553595,-0.359411856101153,-2.776084825218515,2.6240275075734676,4687.5,1.6272277237357973,1.5036420013963077,0.20020265494825645,1.1337431862215157,0.44240245215747226,0.7478363965426308,1.1848533104912016,1.0513781246657186,1.4311073898708768,0.3455932052944872,0.253387323480654
IR021_0,9,IR021,IR,IR021,21,0,1797.0,0.5140921950297426,6.618040559767195,0.2642139642121763,6.363817490852036,6.0183342567938585,-1.5970636875021922,-1.5097269557630788,-1.7908975769957876,-0.31503517659013014,-0.3547409373474337,-2.786070386361692,2.433753337334144,4687.5,1.6719950378724526,1.522922298740564,0.18507889707980632,1.114697605722374,0.2058195142045413,0.7723915603610764,1.3169052476190064,1.1031038199583594,1.4196089635550195,0.5258954027994454,0.46758184150763504
IR021_1,0,IR021,IR,IR021,21,1,1774.0,0.4454107953223984,7.168075107913274,0.19062596391755154,5.953046052757129,4.982591216133244,-1.8195485806562346,-1.650315171193827,-1.931488824333188,-0.23029447541350223,-0.4429049847982714,-2.778126203831126,2.875364463289535,4687.5,1.5670095060000693,1.3991408260273508,0.4367034022729351,1.0199874652426721,0.22359128068216275,0.6984905928566292,0.939562136946651,1.1239842476668331,1.4318276554580118,0.19719651693454374,0.5340631662247759
IR021_1,1,IR021,IR,IR021,21,1,1774.0,0.436452597111247,8.153924912218814,0.25270861784449655,7.2896729802415825,6.0240498713225294,-1.7560375240937527,-1.6008854048280634,-1.914140500429286,-0.2406998151449012,-0.4329613681702876,-2.7733490654192128,2.9336209243564264,4687.5,1.4846608893166258,1.3751881352518347,0.19971467005256477,1.0231684376591335,0.22723413882706492,0.7097930535641512,0.931825774440682,1.1351989744928246,1.445072669534901,0.43911534299697363,0.6406285207589698
IR021_1,2,IR021,IR,IR021,21,1,1774.0,0.43460865268735327,6.821008994843178,0.2514848930888301,5.89666822107013,4.93547331798238,-1.779674690516387,-1.5718921610461931,-1.9034104125819644,-0.23806755595615048,-0.43836558053043534,-2.782683568797513,3.238351707403978,4687.5,1.6314960020119251,1.4214778469370846,0.17804149798857175,0.9824914971836696,0.02768711442547375,0.650151971580631,1.04262124561927,1.3321365368995726,1.4763478671470844,0.11470765419112841,0.38290592641911125
IR021_1,3,IR021,IR,IR021,21,1,1774.0,0.43429465225856234,8.241241060325393,0.29574860781108697,8.32931996407239,6.933743175215803,-1.7688384972425655,-1.60896689854431,-1.9309014812947547,-0.23620171481860755,-0.4381031381707743,-2.8299367840903247,2.825612594255178,4687.5,1.4648746120281118,1.3075778278827552,0.20085381325699075,0.9456181809187182,0.14206881598105203,0.6040054754279213,0.9591823366688139,1.031449380793732,1.3710628018319533,0.35936400784527367,0.3437702678033127
IR021_1,4,IR021,IR,IR021,21,1,1774.0,0.4375079664063801,7.270400547271359,0.28626403148600377,6.192304825313272,5.008609536710513,-1.7234363636746537,-1.5935655468104213,-1.9154340907853586,-0.23459013848953647,-0.4447202929308935,-2.783563457810457,2.6126532259359445,4687.5,1.5983903742947394,1.4235435144305004,0.11417655597350901,1.0300221884082472,0.17396628663138053,0.7021172098588773,0.9402888227024998,1.2091164920358421,1.4827624029903592,0.3570398427624194,0.38857874889528343
IR021_1,5,IR021,IR,IR021,21,1,1774.0,0.4412355312737076,7.913961051734613,0.2745588408599213,7.304745391360665,5.972202396503066,-1.7622321245660346,-1.6073368132762915,-1.92863976477047,-0.2463456130013642,-0.4229350035660874,-2.822370683432826,2.639207706785527,4687.5,1.5549251016858203,1.3860328113989193,0.022463138762628176,0.9717569581997776,0.38179528088709563,0.6169314053784701,1.0397959459306516,1.0124085409166677,1.4684250288364609,0.19425059388304508,0.5979899971726099
IR021_1,6,IR021,IR,IR021,21,1,1774.0,0.44270496370948753,7.078460268171426,0.24217875532378721,5.754295794045373,4.816461353574917,-1.7735113936318796,-1.6421769338861567,-1.9332899082749484,-0.24911139430828985,-0.4161355384211027,-2.790687592073868,2.9059787353029503,4687.5,1.4756374797290268,1.3468732210031862,0.12214718414660428,0.9586460438987454,0.2442716598047251,0.5588377239821003,0.9289845706336316,1.0092476389690261,1.3938689838085185,0.15286388096632572,0.5658324718177855
IR021_1,7,IR021,IR,IR021,21,1,1774.0,0.4421744972871779,7.713938154560661,0.2193780818777777,6.806091014847289,5.633397596153978,-1.8166224247566398,-1.6473710175190086,-1.928930305868676,-0.2566610550079036,-0.4033753552362354,-2.7858308717005915,3.0049656360541652,4687.5,1.540761762651494,1.3999899076000186,-0.03863765714872656,0.971066014090578,0.13802074068881387,0.619951190226092,0.9801044179472816,1.080556780301572,1.39942125971089,0.16261818227203628,0.3140457744908307
IR021_1,8,IR021,IR,IR021,21,1,1774.0,0.45394832953005515,8.244405718453153,0.23670856662820608,6.806466023827934,5.780613658354168,-1.7763638925642045,-1.6218787637133305,-1.973617442451846,-0.24401571930274418,-0.42366116473037924,-2.792990451612731,2.2695307754818224,3937.5,1.5209368273223474,1.3560409383733718,0.2681672721903342,0.9744981508089844,0.38771732436059364,0.63268390417781,0.9061603436171499,1.0532231358709,1.3948914928255556,0.24090167039026988,0.5102873660795205
IR021_1,9,IR021,IR,IR021,21,1,1774.0,0.4489386537783041,7.7138019433465965,0.24348274677347756,6.701538665623661,5.666170945265333,-1.7923377273387981,-1.601612786965241,-1.9481724440261756,-0.24159275719740844,-0.42865542663711736,-2.80848778490849,2.9843194413014134,4687.5,1.5657533387962,1.3943475908412464,0.2627211431603763,1.033806350597383,0.3927043916875911,0.6337265886266522,0.9934548803603452,1.2478170949643852,1.3664982556230716,0.1292478852498609,0.44695531883657763
IR021_2,0,IR021,IR,IR021,21,2,1752.0,0.48980298440539954,8.38475042417091,0.2810723513942734,6.764538020888931,6.200462779101336,-1.939428117211695,-1.6610599002503779,-2.009254368821362,-0.1661422117307038,-0.5624678202698131,-3.039954213060303,2.2420823865923056,3937.5,1.4884388172148082,1.3690534550977032,0.3553655752395411,1.03458846292517,-0.16427024455829609,0.62333861579185,1.0495963122431617,1.0059789323582862,1.3267220881089747,0.45040672107685725,0.4690758656221081
IR021_2,1,IR021,IR,IR021,21,2,1752.0,0.47825317299100417,7.726097000795565,0.2860903463120801,6.155633026294011,5.537210797261561,-1.8694988779610002,-1.6101118877914222,-1.9528846289038073,-0.1720314274951041,-0.5578599591819342,-2.9599296008233122,2.0743775814139767,3937.5,1.5154729197479313,1.375286381481535,0.359811439972849,0.9769383020939425,0.08597798630927582,0.6152292657389149,1.0343063210280306,1.0700374408357933,1.3147608390789314,0.147106375221789,0.41500229051582566
IR021_2,2,IR021,IR,IR021,21,2,1752.0,0.4746611749268213,7.893962288923445,0.2315916719382704,6.236852156961212,5.722106035598885,-1.9000380699981765,-1.5994932507616564,-2.005764757059223,-0.17107536131051287,-0.557767081203195,-2.9424125074227483,2.0186538378989978,4312.5,1.6012190835981472,1.4447799202879805,0.3525052900278366,1.0044780720722521,-0.034275553073701,0.6434202438229244,1.1382435940355382,1.161530336622471,1.4535357088866114,0.10979434272352145,0.40246107241695894
IR021_2,3,IR021,IR,IR021,21,2,1752.0,0.457159635907244,7.823458424826885,0.21583469998134902,6.370653909654284,5.349035937096747,-1.8759894505132166,-1.5951086928639073,-1.9411145412832416,-0.18211598025947448,-0.5357044601548913,-2.9635706533198443,2.155247331025599,4125.0,1.6238677098375394,1.465571422429374,0.5466851732709394,1.1092780934658162,0.2633195517181298,0.7245287090373275,1.1264379382774898,1.2387849498511336,1.4551093574789853,0.40643812153341846,0.2859268867895745
IR021_2,4,IR021,IR,IR021,21,2,1752.0,0.48956041058281435,7.346793773986379,0.1980576099215228,5.465758278386208,5.160049484989997,-1.941108253721763,-1.6586756969289367,-2.0309505877123017,-0.17173354458168572,-0.5484901818484013,-2.9659500694503205,2.1411755833539576,3937.5,1.5078131797525949,1.3880553202731418,0.10416026300734604,1.009935223844016,0.17833115423856968,0.6275548354761703,1.111209091308182,0.9945078667385795,1.360678075651166,0.12346783473903165,0.2721739659168481
IR021_2,5,IR021,IR,IR021,21,2,1752.0,0.499375132403641,8.20655876350358,0.21480463902304148,5.869593224814407,5.6309821682710375,-1.9577244858117322,-1.680586548263098,-2.011037666512609,-0.16814787638710574,-0.5553234185890137,-3.005835357623385,2.085387378858387,3000.0,1.4495911272088764,1.3279881082326217,-0.14087722290334154,0.9241221048243184,0.19263483303562365,0.61894810564496,0.9839474186938579,0.9654500357678754,1.3351572912187357,0.3167553611514907,0.20447998635696893
IR021_2,6,IR021,IR,IR021,21,2,1752.0,0.5164627855725864,8.293929290611448,0.23867671050059364,6.903703638045502,6.6811633660523775,-1.9800271849937583,-1.6871598712706473,-2.005028365640745,-0.1715206175040263,-0.5460205881726852,-3.026740701276721,2.1665368547824704,3937.5,1.4941529447484623,1.3619191819146055,0.08699808066370576,0.9320628808433863,-0.15651615687114348,0.5214889555142578,1.0672878398304473,1.063221325884043,1.358486649971371,0.20032677550362096,0.38093342261172575
IR021_2,7,IR021,IR,IR021,21,2,1752.0,0.49249859187086586,7.629438800012099,0.2577528696475437,6.11412833465996,5.760953165275879,-1.927976487599914,-1.6159092335764869,-2.0137956286019874,-0.16837772573004806,-0.5612964867495862,-2.9672127861416278,1.9210733987917687,3937.5,1.5137722244036271,1.3879534038461088,0.2230331867118038,1.0337711125894264,0.1302582741013746,0.5324369349687187,1.1198968847287512,0.9834432300997265,1.408290235876823,0.08376574896706575,0.43342129250855954
IR021_2,8,IR021,IR,IR021,21,2,1752.0,0.49078206951007985,8.655821493592097,0.26649747888281466,6.4286885017282565,5.996798463277171,-1.9153622073647405,-1.6198666892545155,-1.9793622798347341,-0.17607339559657317,-0.5442372587793445,-2.97114831903863,2.224308974018536,4312.5,1.5307312362096694,1.3891195023793732,0.3543908351273113,0.9737672080186889,0.11307310528944593,0.5758328261544481,1.057792055125801,1.1309262319745965,1.4357341574195444,0.1472502495663253,0.5899773715037445
IR021_2,9,IR021,IR,IR021,21,2,1752.0,0.49179549692684404,8.0802533742432,0.20755525949469278,6.243818271782484,6.031957884065145,-1.9119223517193975,-1.616586052179759,-1.9931977393402642,-0.18066867618502158,-0.5335847948611764,-2.9812254684453308,2.1396771453790677,4312.5,1.5271367060439927,1.4088448969591323,0.33401171917001216,1.030948106919647,0.05612262954449556,0.6854482636025753,0.89082764534184,1.2129755079456617,1.344314223376883,0.08304115117233568,0.4648072123954365
IR021_3,0,IR021,IR,IR021,21,3,1728.0,0.45055021305166415,8.080380590549085,0.3567633287504121,6.6113614343351195,5.4435988053321385,-1.9116290422749473,-1.5996759370476545,-1.8075573698467708,-0.16107127897067436,-0.5923840877408654,-2.8957636471301575,2.739791424857179,1875.0,1.4923768341954444,1.3840466663142195,0.20961572022172373,1.0262673536344602,0.06030006138890617,0.6080863424924537,1.1726995691027735,1.0309299591237122,1.3429821117041172,0.2091862601528051,0.2278180798936922
IR021_3,1,IR021,IR,IR021,21,3,1728.0,0.43855048908002203,8.849066074384268,0.3371206290959375,6.662055557138482,5.444098502328684,-1.9041065394747598,-1.5808580506072463,-1.798350038297309,-0.16955721384871708,-0.5728306312134105,-2.923882516058528,2.807152208648434,3937.5,1.4131598120491449,1.350391697342753,0.04347331050002589,1.0014133734121622,0.1276216095532247,0.6418823848569726,1.045302888360545,1.054917784694607,1.3135333619925051,0.2007218585351188,0.33307628708845666
IR021_3,2,IR021,IR,IR021,21,3,1728.0,0.44222082629561815,8.827555150927743,0.23979457663333634,6.925974726938358,5.812079830661763,-1.9132729819783307,-1.5971369085978058,-1.7968184978378152,-0.1480729298282809,-0.6304436702794717,-2.899114303255993,2.912385639492763,4125.0,1.3749379678804001,1.3102973687149213,0.36453542981285175,0.955700457156442,0.27840896488758726,0.655014428252494,0.9350692184745482,1.0616537932096897,1.3698431515719376,0.32765341740838605,0.3924792508725837
IR021_3,3,IR021,IR,IR021,21,3,1728.0,0.4541488301059824,8.0351182570657,0.23733830796575636,7.068687334420469,6.056653857178349,-1.9394605890996752,-1.6211725427601926,-1.8017251954507585,-0.148720387599121,-0.6242983796487829,-2.906995538372226,2.4529867036511934,1875.0,1.4764116718900886,1.3747500766542682,0.3874858488697415,1.0260122749583676,0.2984593178492797,0.7215888578813928,0.9761857381104531,1.095554351798587,1.3399163637738416,0.15105284830491683,0.23632737877748025
IR021_3,4,IR021,IR,IR021,21,3,1728.0,0.45517072978457607,7.620599498660299,0.27071031062161244,6.140462067915689,5.229655231822989,-1.949085990797079,-1.566538917461633,-1.8054665025223111,-0.15384961939569242,-0.6143058310308439,-2.9110625432045723,2.4562829471949525,1875.0,1.4842819953314959,1.381927400437507,-0.09935708331024243,0.9854951374878914,0.3410013478942712,0.6792758590773033,0.9921807312444186,1.1421667842545802,1.3381249864169384,0.474348168325829,0.3174619250910877
IR021_3,5,IR021,IR,IR021,21,3,1728.0,0.45703631177683596,8.069649902628536,0.3230698841493613,7.740061689739443,6.67286792802007,-1.9266097790944332,-1.5492572133573677,-1.803933072996052,-0.15429354856699073,-0.6164023101560947,-2.866218985781919,2.699403474618096,3937.5,1.4052116725198687,1.312591357896719,0.19163734740579028,0.9331357066477084,0.03038530786790855,0.6350598300362834,1.0156080270974717,1.0795262122826847,1.3473720528005442,0.32534284134898717,0.15969000883873147
IR021_3,6,IR021,IR,IR021,21,3,1728.0,0.4425510795153657,7.8239124203303145,0.33097051260997773,6.870094687027023,5.697625301669165,-1.9176207487898458,-1.5827714505074597,-1.7806002297896586,-0.16013794502771725,-0.5982865239266991,-2.8507561043653538,2.9449283524696126,4125.0,1.4111892272011095,1.310212735364006,0.1022728815762675,0.936831259981059,0.20538662266160426,0.6526582967204853,1.0214686774287953,1.0823580550421896,1.3282263688787137,0.24509187251423237,0.42663242645391086
IR021_3,7,IR021,IR,IR021,21,3,1728.0,0.4311009516054251,8.507420757522343,0.3440834546370477,6.9230540949305075,5.611097018345669,-1.8864020979869172,-1.5415559089683377,-1.7547249786172503,-0.16359266157280536,-0.5965451490333578,-2.8676203997088137,2.9105792999350433,3937.5,1.4547859606458156,1.344264690573431,0.2916621323300483,0.9765144385394862,0.16176871107993432,0.6781985228609761,0.9754623036369906,1.1265730190434373,1.4037868907075375,0.09590303091127945,0.3835973701377452
IR021_3,8,IR021,IR,IR021,21,3,1728.0,0.44372710782756647,8.146176340614693,0.2931828875786788,6.134304811560603,5.11362523141683,-1.907802506681462,-1.5631116294596579,-1.8009510138958877,-0.15940675752928118,-0.6012690504228074,-2.9056718086632527,3.05378534806756,3937.5,1.4344199684495789,1.3509557354956525,0.17080124275871414,0.9791960357592161,0.32994989454503054,0.7129657669406132,1.006353227699689,1.1166085152502094,1.3006842645428813,-0.0025308600974230967,0.23223143833533924
IR021_3,9,IR021,IR,IR021,21,3,1728.0,0.46250186271673654,9.321351341978986,0.2654646210650252,7.781035282758976,6.695529557779892,-1.9753069601654785,-1.6386095572691146,-1.849217175849563,-0.15219612066650942,-0.6078088213606008,-2.9228066593124287,2.6233344768771376,3000.0,1.445973881828639,1.311115580314145,-0.0022060907360697364,0.9516942171269621,0.07248754291459943,0.6137958107452323,1.0030903107108002,1.1503754434163669,1.2944762952781443,0.16516297032323027,0.23355615964578366
B007_0,0,B007,B,B007,7,0,1796.0,0.13738571704818922,2.964665508139574,-0.024184671855895696,3.9055950979276837,1.0464360708575304,-1.6568514874807485,-1.3238978488857296,-1.501668951269369,-0.7367697093600596,-0.14885581204704548,-2.2303223285442755,0.7388969144191297,2625.0,0.628730352129076,0.5181459047936812,0.3200617534304782,0.40471636521174975,0.33593083222720505,0.37532931828809385,0.43839150357119394,0.36217208443076054,0.16952366208466757,0.7433550684607748,0.20438931234467972
B007_0,1,B007,B,B007,7,0,1796.0,0.1362307279577132,2.938867347355111,-0.01840880251977238,4.195272179018249,1.0708353188813664,-1.5507470750846988,-1.289414364969643,-1.5033254509229534,-0.701518882524942,-0.16435135406108936,-2.2705003280122833,0.5502034291008102,2625.0,0.4851064911894169,0.4453490247177542,0.34089770703879585,0.3793792512700138,0.17183910523150325,0.263286626926187,0.3084760654268175,0.26357405909796744,0.4065150929834742,0.8417611870861759,0.19666732004398788
B007_0,2,B007,B,B007,7,0,1796.0,0.139578763355944,2.9727706151400075,0.01166396845389937,4.118251437764756,1.0451964290756106,-1.7085349230373454,-1.4570823766994254,-1.4186705621018112,-0.6766616582091735,-0.1606068742737315,-2.2228615425136877,0.4875006105382811,2625.0,0.33999016930920106,0.372842170070861,0.3851605639383673,0.48392628180122493,0.353357789720826,0.3102053644865774,0.32331485153401257,0.19474285396737706,0.15767428386180474,0.855360315207004,0.301625578010406
B007_0,3,B007,B,B007,7,0,1796.0,0.13803959114552403,2.876987449382114,-0.014665395190829884,3.5392135043336563,0.9711906939710895,-1.7355175616013303,-1.413116712555277,-1.496873110296373,-0.6983365109191786,-0.15183039047815927,-2.230896125738341,0.17837546412634087,3750.0,0.34794214527868605,0.4253480721806785,0.5324981695605912,0.567166006321069,0.39141526099632645,0.32803983653653196,0.11872580562786694,0.3912503755973582,0.15684312934956332,0.6544287492431388,0.3872189855901367
B007_0,4,B007,B,B007,7,0,1796.0,0.13768013519181727,3.024424149602263,-0.0258414497601138,4.523100888080941,1.1455839540128576,-1.734240270755677,-1.3616520222198851,-1.5378161643464785,-0.7143664795414542,-0.1484500364210367,-2.2535431486816404,0.24851162437057273,3750.0,0.4215067402069755,0.43055711031107585,0.35588660572739844,0.48380071989331475,0.2705357256180822,0.40128629647808406,0.1667258514305024,0.2406587859682933,0.34852116446334075,0.35252693284828646,0.5767036608238126
B007_0,5,B007,B,B007,7,0,1796.0,0.1352307394083033,2.920231139235735,-0.013660878741008133,4.387357255436843,1.051833315695283,-1.7909342290477865,-1.4464711970591764,-1.3734967935993951,-0.7279744668211751,-0.14717876018210072,-2.215299097583192,0.30871976357007425,1875.0,0.4763174008958229,0.4292453440902171,0.27914587017886466,0.4443366723821895,0.4800305207551993,0.4084715348139364,0.180903326153616,0.34148395482527655,0.27789969151947336,0.32193770012527756,0.18082933409589724
B007_0,6,B007,B,B007,7,0,1796.0,0.13712538442133412,2.9787941658449686,0.01659557198262945,3.6535665968255033,0.986655245995687,-1.8429855118034424,-1.4716675058062303,-1.4672847259707382,-0.7122578995132005,-0.14344435686350374,-2.2918751344196204,0.22347844236570058,3187.5,0.31346519356332825,0.33599584016442946,0.35838577124055804,0.4665356597097722,0.24591660662527087,0.4566680505486784,0.24736569895553898,0.5789387764839049,0.14595464975933561,0.3263017614152226,0.4260452768883822
B007_0,7,B007,B,B007,7,0,1796.0,0.1398961717342306,2.9053870354557354,0.007743654041962964,3.8256160577348246,1.0631540499036558,-1.8707056730944538,-1.4572628647455421,-1.5370236894044396,-0.769112406597498,-0.1264240503529753,-2.3019367283103604,0.27479673181931163,1875.0,0.40146845850636653,0.37504743120569595,0.17926435962507395,0.4144801163771308,0.25095610176301986,0.32938301719794394,0.24061955197286092,0.5216144699406157,0.2630099231840093,0.6737821138511126,0.3250652234854821
B007_0,8,B007,B,B007,7,0,1796.0,0.142788885283681,3.064643664985466,-0.00806086297743799,3.972922284138983,1.1186773248211583,-1.810779452976419,-1.4684262909429828,-1.4356961600600007,-0.7590159208864563,-0.13421206280661965,-2.2570279675886744,0.288466447030729,1125.0,0.2807146888758537,0.3726145077745351,0.3232249682259179,0.49013285355499037,0.3254561948647932,0.39352902095277764,0.3976185356087715,0.6032163567865271,0.5932383431440869,0.3345515715242112,0.17845890060127292
B007_0,9,B007,B,B007,7,0,1796.0,0.14076543391122706,3.038011738393526,-0.01715475289919029,3.8433067395815224,1.0254168984322545,-1.7670184821609323,-1.4280535919597062,-1.408627673813194,-0.7331985516282618,-0.14518346655215092,-2.231418277291902,0.3295049286466867,562.5,0.5393869944379016,0.46202098861454094,0.24181075928509896,0.5134920884578099,0.30489268652025764,0.3207804234540103,0.35909646609568013,0.37892074883728494,0.4311681201657917,0.6267872495829379,0.35917621813619294
B007_1,0,B007,B,B007,7,1,1772.0,0.13837179539103686,2.984985981140003,0.019401694005898754,3.737109938210492,1.0260782610324817,-1.7533897229172144,-1.6070470513800863,-1.6093206010068297,-0.70763349941534,-0.13570973527648023,-2.26941172450201,0.23521711293789416,1125.0,0.5210420432575461,0.5804030187448814,0.6718116167383256,0.6873048554596992,0.47519490902863937,0.5219706247170726,0.3422887122837437,0.3288063225944708,0.3256536842027039,0.7764331825754766,0.4075121892736083
B007_1,1,B007,B,B007,7,1,1772.0,0.1386833695592588,3.115869478105626,0.0057539786239882386,4.582581367890522,1.2279854991525379,-1.7762755912200388,-1.599770318494279,-1.627930606251774,-0.7167971142366178,-0.1319843185486964,-2.329103457290871,0.31244707778602443,3750.0,0.5636766656204305,0.5136785448050483,0.6252620372886112,0.6792840209987753,0.2790673720252603,0.27158489409053105,0.48846736304082894,0.2667572064744582,0.14708503859007535,0.710939123180321,0.41639636390473017
B007_1,2,B007,B,B007,7,1,1772.0,0.13510601325584556,2.9442547667639993,0.03718089586511363,3.895760940690068,0.9974748765962643,-1.7129050201931832,-1.5534228924072817,-1.6087076172777697,-0.698016460177459,-0.1414196675988352,-2.2567085366234356,0.3005258303712557,1125.0,0.4906129261244413,0.472061390586421,0.4873491499637695,0.40008714206778745,0.4723543130504077,0.4833313137834768,0.2825593083422403,0.41230630894292514,0.6465628228773689,0.17564166525287894,0.45967634760377135
B007_1,3,B007,B,B007,7,1,1772.0,0.13910418888205034,2.9809118829034658,0.02244982634472053,4.788569396555544,1.2511758349439215,-1.7116376707152179,-1.5935741254188738,-1.6324222067982417,-0.7353747434241122,-0.1289412553625579,-2.324987801309832,0.2590892934286151,1125.0,0.38966974767294077,0.3477453590370081,0.3117520615996758,0.3856025037867386,0.1439151769870701,0.2937267666485852,0.2365602627076028,0.3915994841602555,0.6073101858493134,-0.03472440901985286,0.5576927760376729
B007_1,4,B007,B,B007,7,1,1772.0,0.14021168346029259,2.989549672628326,0.013018754519579862,3.708549279924102,1.031757879385454,-1.7342624667124953,-1.5839570482845462,-1.6667719353179231,-0.7228541531255926,-0.13091202541842858,-2.3093926818904715,0.4116155578915519,2625.0,0.3627324661639858,0.4612166724558019,0.40094278147142304,0.48168641852312805,0.18666476202560486,0.3181056927495722,0.2169089471859721,0.6608723974643153,0.30549669278491404,0.6873756747251072,0.3728405965622084
B007_1,5,B007,B,B007,7,1,1772.0,0.13949646629817522,2.9534594680012543,0.005089282259712956,3.986546456192172,1.0492222418507176,-1.7333261418946897,-1.6035628418947978,-1.6688915483082718,-0.7472954263834645,-0.12407050235502805,-2.3248181262871834,0.4090342800166815,1125.0,0.5501375585244809,0.49948498429384824,0.47361104832622625,0.4778945316323298,0.2723594226902136,0.30677533065804374,0.2638291068394247,0.20214134414265683,0.6501058866012182,0.20382633177819937,0.3314745781655553
B007_1,6,B007,B,B007,7,1,1772.0,0.1395000016629153,2.9201240475264907,0.007594085427127595,3.7931452553397125,1.0482130646251364,-1.6945537105653037,-1.595793890421877,-1.6854204588666724,-0.7236451680817548,-0.13078943332449133,-2.3114908474821054,0.14429208879350686,1125.0,0.604230956368152,0.5284974536919911,0.44648788666003875,0.4620752510432115,0.16519906939920884,0.27718133797515687,0.3466009004551992,0.2485056372768032,0.5578043358126012,0.08411791971649255,0.08979069833374577
B007_1,7,B007,B,B007,7,1,1772.0,0.14000190877540028,2.997052980741892,-0.01611325359448554,4.057231102863829,1.0800154861706286,-1.6686521401070928,-1.5922261991024296,-1.67226307678672,-0.75995122586669,-0.12311108379611528,-2.3232724723717637,0.35574750790374887,1125.0,0.48316943682455754,0.44298974977565825,0.4391212548087526,0.3587780389969505,0.2900076897030886,0.392082027781968,0.2637579002710036,0.09589890522736086,0.7269936289039198,0.11559655842490596,0.39607228310267645
B007_1,8,B007,B,B007,7,1,1772.0,0.13794277779204622,2.8624950726029614,-0.007856819614183332,3.421281202368035,0.9435400229611751,-1.672453419035382,-1.5754223002789212,-1.6676575386172516,-0.7746144066780365,-0.12058216381881966,-2.2947135713205395,0.24732114314665798,1125.0,0.5645125676651578,0.45912584037078774,0.5277341812552104,0.41672533193732403,0.11633758895971937,0.3134507629229719,0.2574069034454195,0.35192713960454114,0.703179447246199,0.2448395758545951,0.4968689893437536
B007_1,9,B007,B,B007,7,1,1772.0,0.14132025972041265,2.863974443374306,-0.0042326869038068725,3.7054805669312407,1.0435795108588897,-1.7075349936636506,-1.5973216123796596,-1.66134112550255,-0.7269377535728567,-0.13008701744139295,-2.335540735897892,0.35496043257995247,2625.0,0.4796017024328954,0.40615638680748595,0.2867623852120114,0.33289657082656826,0.256746104727871,0.27014440567735504,0.3657189329387462,-0.0013061319386989223,0.0697879174274999,0.7377366349118816,0.4775854317153113
B007_2,0,B007,B,B007,7,2,1748.0,0.14420218139106367,2.724184130603829,-0.0055821405683469565,3.421213235409859,0.9611625795117211,-1.8955490427985071,-1.5374712915503301,-1.5909983293190935,-0.8435133387015245,-0.10549763628614703,-2.3087741781563453,0.3002336033591022,1875.0,0.7823422755304585,0.57754729548074,0.0337537625076244,0.47614071212622955,0.6672457314145015,0.5549565858677139,0.24720805565354528,0.1415538385022563,0.1678065389952835,0.7364162013719655,0.25759230363932156
B007_2,1,B007,B,B007,7,2,1748.0,0.1474221919096494,2.811598241351097,0.007336208137209582,3.9071795214507525,1.126572198129499,-1.8977444815625975,-1.5454615070987077,-1.5752424940475356,-0.844816858309449,-0.10527478281352777,-2.3387336826623266,0.24765285964533046,1125.0,0.5769276592428654,0.5089738671216999,0.23871133319803164,0.39964907497535607,0.5548465884514026,0.5124614681408955,0.4004155426455252,0.10368925811481998,0.3652954219094635,0.3845592237177397,0.5218754523041645
B007_2,2,B007,B,B007,7,2,1748.0,0.14646584695650122,2.7790022793032136,0.0204151262716615,3.721349079622122,1.0824552785898274,-1.892940049363242,-1.5575134121086225,-1.5899215238941962,-0.8502097809643274,-0.10339914878296197,-2.3492652717650913,0.30039668999103064,1125.0,0.5759415787545547,0.5770965419424373,0.5582200781552267,0.4645527275218974,0.38882920461169745,0.4958959946128543,0.5298181055800579,0.036006806236171376,0.4350774871895631,0.40386218279878777,0.5872496657330171
B007_2,3,B007,B,B007,7,2,1748.0,0.1501347994993316,2.793352715021222,0.0304694158123713,3.4846251824784127,1.0329504657070896,-1.9364272318240552,-1.583324142476353,-1.6121601020645093,-0.8676130178323175,-0.09814823085369465,-2.34351427652244,0.1661732429563738,1125.0,0.7102837481756558,0.5708535114781036,0.6941470283697595,0.49624862461237257,0.03435779533629085,0.42819088874070427,0.5087157287201386,0.40408200572330577,0.5155890440067754,0.1261166697889073,0.6520729550907648
B007_2,4,B007,B,B007,7,2,1748.0,0.14950062950877574,2.880014601285713,0.02922366346687094,3.675549734456149,1.0840866779188367,-1.940437712233423,-1.5630243553744336,-1.6061436866971524,-0.8471485961323263,-0.1025470438918094,-2.3424374146413802,0.20614490309649947,3937.5,0.6786731527223465,0.571116769415238,0.7398464133976711,0.4741520933992118,0.3912035443741445,0.5141650816615687,0.4146790090708037,0.4880428331008118,0.3305758446864059,0.2868910500069001,0.22576582699831255
B007_2,5,B007,B,B007,7,2,1748.0,0.14702738903650975,2.8957391349328514,0.03817575070755064,4.040723305309402,1.127188290360286,-1.900491698398052,-1.5712908155300311,-1.5705214482742036,-0.8315566555454612,-0.10711764766580943,-2.3090294479534994,0.2994101802861464,1875.0,0.7897008932215902,0.6152274147846697,0.7519594699100662,0.5585359060143359,0.30405067328100144,0.38639835427911784,0.37899503771679044,0.6621042394077905,0.3785136997879283,0.6734530239826337,0.3243272720433844
B007_2,6,B007,B,B007,7,2,1748.0,0.14749733500617132,2.8396894723932093,0.03985119557463209,3.7144561745107576,1.0513295385730865,-1.8631032487572778,-1.521543024057174,-1.5766535028682862,-0.8066910466252303,-0.11397912677599623,-2.350451626680069,0.3635381928038348,2812.5,0.8691534928017155,0.6990837557224325,0.8266590867012954,0.676856964423218,0.4643979930780161,0.35563808159605187,0.2488602373006403,0.3809863541463648,0.25607628209964683,0.3313217178099115,0.5592074143939263
B007_2,7,B007,B,B007,7,2,1748.0,0.1479321794557753,2.8430938896682134,0.048846578503755095,3.834019987169295,1.086741887311757,-1.8445153021690432,-1.5794532935727335,-1.57974734225015,-0.8201845969240764,-0.1094289112875029,-2.3486340136126924,0.3765790724173663,1875.0,0.8203734072193674,0.6887450330600685,0.7298453410825173,0.5775820169513616,0.25840607179979014,0.3149532565750103,0.30514922744695616,0.4752084043642839,0.2902151937251944,0.6330064354077052,0.42377808554603696
B007_2,8,B007,B,B007,7,2,1748.0,0.1456106606857126,2.9083662975029343,0.028185589515107457,3.843144531114221,1.106523624583233,-1.8292759776872696,-1.565193653239435,-1.5564155834594144,-0.8215229771437768,-0.11085902895520892,-2.331681454484478,0.3782723466031155,1125.0,0.7358658383229589,0.619248628352537,0.7795630903897325,0.5744390274638231,0.4301731757922345,0.428706002713669,0.24923262429003876,0.03962966442745493,0.38471052748193085,0.4163862577669727,0.640944588436318
B007_2,9,B007,B,B007,7,2,1748.0,0.14499401136211537,2.8449755341616303,0.02469008089689896,3.5930564385655557,1.0372844582018046,-1.8301567014986853,-1.5310199494510974,-1.5772709913144376,-0.8170354068505592,-0.1123441058928377,-2.3150282951158854,0.22499638466078853,1125.0,0.8014625011545455,0.640282229714705,0.7942480462360639,0.6006077252326603,0.4634970415198621,0.43421963112008954,0.18515057814041794,0.43151571110466286,0.29652826033551255,0.3672501145316052,0.48437909914427507
B007_3,0,B007,B,B007,7,3,1722.0,0.15473745794334173,2.833558185327665,0.03500120965786416,4.017332564904837,1.2377793452595203,-1.8702689630617968,-1.497677965015177,-1.1966150177981656,-0.8016458014903737,-0.1373728433933002,-2.355011053006603,0.47653395742485616,1125.0,0.4396363289938312,0.6130880546150852,0.4772644807049986,0.5951692935625168,0.5392113308290292,0.49640821119867695,0.4180059340895954,0.4817130556078869,0.2553729442971553,0.5845715971620118,0.20212104553684357
B007_3,1,B007,B,B007,7,3,1722.0,0.15406478891323636,2.8479403963793533,0.012639471482627165,3.866375716716503,1.143665283702262,-1.8500593743771019,-1.476839730425094,-1.1842837806516981,-0.7868557721442251,-0.14315075374450784,-2.3427505691992785,0.5337322094263399,1125.0,0.30231126349911397,0.40382638457812164,0.3506118906252091,0.4739093236993953,0.09088698903650022,0.3822160706536114,0.2764152952900086,0.47191039761915055,0.4894360571929263,0.43544258422113546,0.18904442430112317
B007_3,2,B007,B,B007,7,3,1722.0,0.1547271647970484,2.7478588175561143,0.0074405434446570004,3.3298153516831626,1.0194571010762745,-1.8558479667605958,-1.5008754582527748,-1.1862742233988843,-0.8031014287311147,-0.13819922547339372,-2.339596849286242,0.6203993141501019,1125.0,0.4516959329318853,0.5748415538135518,0.18851482940237482,0.4714660827490296,0.672556486854788,0.5315935709389921,0.31666214527454806,0.5310207644921945,0.259290050618415,0.13015030447462164,0.29754505067166515
B007_3,3,B007,B,B007,7,3,1722.0,0.15340371582448303,2.941980479939682,0.02199176357445441,3.8202366103871093,1.1716504580841964,-1.846422351322875,-1.5116163385202208,-1.1798149356386727,-0.8056199059426135,-0.1380048807469178,-2.3326725024579145,0.5059113274877873,1125.0,0.5950329569767213,0.6216980954567478,0.3125003112651191,0.5645777480269785,0.3693442195893249,0.41245616104447813,0.48067094295836155,0.3271137735318871,0.41561790144852884,0.3744051535829533,0.0384850478182656
B007_3,4,B007,B,B007,7,3,1722.0,0.15887976181164584,2.819245304465779,0.015536348858229831,3.986019233492027,1.2115568184725607,-1.8813683449840461,-1.5496863620835841,-1.1996062272211423,-0.7463833047811895,-0.14756347984935647,-2.3708195831535774,0.35396523961182735,1125.0,0.5991045336479752,0.5190170622574994,0.08769388996540849,0.5013916058773057,0.293102072477287,0.34806168160618606,0.3160949675753769,0.1516148346374981,0.3750371052353917,0.5683547895887222,0.30914347910685513
B007_3,5,B007,B,B007,7,3,1722.0,0.1565300129880499,2.860208834650033,0.002229549080304108,3.6847574709533526,1.1303296538584267,-1.8875350863039317,-1.5454224917049464,-1.2034703795479726,-0.777595436714841,-0.1397559141762366,-2.3721895165988824,0.36487534761863394,1125.0,0.5827591841986899,0.5464295401442153,0.22606731539650432,0.36922908725593456,0.2763188250151499,0.3345670170365017,0.384724685702521,0.04094553470520965,0.38517610486568654,0.5869035843152867,0.17430453161256973
B007_3,6,B007,B,B007,7,3,1722.0,0.151420904810574,3.1267028121353695,0.03174366438214487,4.789459211273556,1.3902801789715458,-1.8560444633535462,-1.4989570915177592,-1.1770073318944416,-0.769292985428363,-0.14695185796670354,-2.3176985860534645,0.3749730425406379,1125.0,0.4801988525596682,0.47616855685410653,0.476472595678656,0.4870485342332138,0.45302612414666243,0.402691903128469,0.3863160103102437,0.40096888144114035,0.4310157853961925,0.3905342003262397,0.38442986181997835
B007_3,7,B007,B,B007,7,3,1722.0,0.1516227088564765,3.029110212567249,0.015360113710178569,3.9012364412398997,1.1727913007918982,-1.8623622163097442,-1.4564685907757045,-1.1548976368990098,-0.7878677224287335,-0.14644975989846096,-2.339398354800749,0.6018074139422933,1125.0,0.5853717796768924,0.5336402963047464,0.519823814166046,0.5488365239823301,0.42148253073753483,0.45999831067705677,0.4317027795505012,0.24814712758787646,0.2998909165287474,0.3780590227065561,0.1096582989171671
B007_3,8,B007,B,B007,7,3,1722.0,0.1506401798350569,2.8460328172730662,0.046768095797995776,3.696290407031169,1.0785247891975913,-1.8484778538280222,-1.4616166971791555,-1.1762570677999291,-0.7937626773042086,-0.14336543117205205,-2.2999686703343283,0.5688613341983486,1125.0,0.682452023540912,0.5430282290149359,0.34809454302383264,0.5069787921531468,0.23991412350376776,0.43108814265888307,0.3507459752965972,0.28783914231147006,0.29384122151123154,0.4871336970530455,0.349912535748335
B007_3,9,B007,B,B007,7,3,1722.0,0.1492861033888345,2.8626080556581868,0.01776608942018981,3.730900489763471,1.0373398579601911,-1.8226066500089397,-1.468661271806069,-1.1438374015166728,-0.7880822671773599,-0.1478318758245385,-2.3213500709673127,0.4900421512761355,1125.0,0.46629802875528187,0.5104192622140769,0.4669789708983121,0.4492559577133904,0.3398618074388011,0.4579095690896638,0.3272408292933561,0.35396966690573634,0.4009357074516364,0.539871436398698,0.22378067120682596
B014_0,0,B014,B,B014,14,0,1796.0,0.17679789474278432,10.449434551450732,0.07943405027470632,9.55495078440756,2.924518759458439,-1.440215013207937,-1.4210202514038333,-1.5914567932065877,-0.6748597447276264,-0.1667445461848123,-2.120592704953805,7.813090872840295,2812.5,0.24613793780678309,0.3004912017365292,0.014776995974400537,0.17740736246693584,0.14295656829597198,0.29729908351766476,0.3529051007418695,0.0037538316280023415,0.11242657552213672,0.2331315701456925,0.09762310307759904
B014_0,1,B014,B,B014,14,0,1796.0,0.19998415247478948,14.964709505800798,0.13092416090202877,9.854312700364508,3.8115404284727377,-1.406300148822177,-1.4630950527807247,-1.5807638245971032,-0.7327208524975093,-0.148402030411273,-2.349029830306999,12.510292052925928,2812.5,0.4246213121182218,0.35883276619729787,0.08294213364691067,0.20963508155284122,0.6100249405547569,0.446545238647794,0.21060339261842922,0.05163751053173952,0.23798051403344575,0.16837778520664137,0.5653219287507797
B014_0,2,B014,B,B014,14,0,1796.0,0.15391645351081787,9.345115634429488,0.027040743097745158,7.7959506539752885,2.340993524755423,-1.3302465586064323,-1.2982964254585756,-1.2742990640260037,-0.7093376171368055,-0.19296346225977326,-1.878869820103486,7.289102241175112,3750.0,0.09360036219482648,0.1710465110432649,0.2281468298624154,0.22333781562535243,0.580987266728911,0.4795257828932165,0.26673494438175027,0.17354971766463306,0.4119247717021744,-0.025617823651025193,0.6559259663339371
B014_0,3,B014,B,B014,14,0,1796.0,0.12940772099451583,24.65654406516451,0.2690276969226852,13.029949479506806,3.101701196020127,-1.03683241305712,-0.9444689939195567,-1.1493882792429129,-0.6312503734935235,-0.3171450669608532,-2.093624781127139,20.473597574331723,2812.5,0.05960106297004686,0.28917123205914697,0.042409399179716714,0.2373603392531293,0.1910404860750384,0.26308074007694954,0.17273994399877107,-0.15184022217836762,0.05385406264390036,0.05366503813328163,0.19939112205977885
B014_0,4,B014,B,B014,14,0,1796.0,0.11460087129805359,49.643423272374264,0.7759184093900428,19.667653970018716,4.2159138260803655,-1.0894883148443397,-0.8498910497845219,-0.9466262558922548,-0.8413146134444514,-0.2956501998437477,-1.8564976671418825,54.607310346615385,2812.5,0.1917806434037757,0.3004536444073666,0.19502563921359883,0.21327908754504876,0.3360047217264874,0.29426258251588244,0.2825403673540936,0.2341497423954468,0.22620675302428606,0.27084948617234256,0.40375903313713685
B014_0,5,B014,B,B014,14,0,1796.0,0.09754924184259095,11.210650785657197,0.018600177982410683,11.054939070068343,2.132944776701084,-1.1440236306412048,-1.0263473982727709,-0.9186520969453982,-0.7919495070309366,-0.2698657540354582,-1.8280397497687237,27.851966237261692,3750.0,0.20172599588499207,0.20509908424603338,0.26943094004994333,0.2587549618423546,0.27762459783568477,0.30829436840156005,0.28192325642461097,0.19694318388009452,0.2606009350775955,0.2778260579416564,0.31348216533515627
B014_0,6,B014,B,B014,14,0,1796.0,0.09275901974196955,5.0136727813827475,0.01957558770566819,8.496407186617153,1.5374895685474943,-1.1518461939464157,-0.9133113238861699,-0.9226073418178046,-0.8322842892841705,-0.27804366070615527,-1.8666479534907001,5.1242016715361505,3750.0,0.3276908626794115,0.37049977134138334,0.18253099022806918,0.21785337721844852,0.4103264089685058,0.32878859812633565,0.2001563262351072,-0.07010225624469194,0.29184657584517393,-0.022244056011455304,0.3481009270603767
B014_0,7,B014,B,B014,14,0,1796.0,0.16470645479455964,21.470949034672433,0.3981697142941065,13.861674494128497,3.9823254663755385,-1.1483579908897856,-1.1134835345327774,-1.4001169753316143,-0.6821446565774024,-0.22173587951136664,-2.389731492818846,22.627668830005092,3562.5,0.22184927844852262,0.26814817208569014,0.2649655475965856,0.2568622909576381,0.4077318295739452,0.3726243262106614,0.21422144785720784,0.1707279032549349,0.30109223263435564,0.19748105062911647,0.280270187897539
B014_0,8,B014,B,B014,14,0,1796.0,0.18319032314570222,9.909542510477912,0.2396909983375671,9.60155103636206,2.9429063179433532,-1.4134371016931373,-1.3015923790063282,-1.583529370862168,-0.6550027131739876,-0.18117794522644315,-2.2869248928049677,11.12810521305174,3750.0,0.302616863137416,0.27980614802451653,-0.14611174859003476,0.18043658114819228,0.5544635789285733,0.4405663035854813,0.2829024935515737,0.11754476303392408,0.43945223853193893,0.1233904807499878,0.4269304865364267
B014_0,9,B014,B,B014,14,0,1796.0,0.17652064390111724,15.013269799685217,0.25363370705962224,12.409470654609626,4.080809208079513,-1.3481038122998723,-1.3520954201739424,-1.5022631383729688,-0.6908732081075827,-0.17358427334798607,-2.3067559892172516,11.402125031684255,1875.0,0.2361996072447199,0.271971630664797,0.2322477970529756,0.26239625594503063,0.48904154373893904,0.46572325290298094,0.29685391749922946,0.22385873698789963,0.41098801291387604,-0.13203412865468073,0.5869159421641266
B014_1,0,B014,B,B014,14,1,1772.0,0.14704550800919003,7.851304167248231,0.06661840240849429,7.887196944088296,2.2981476810532557,-0.96784853586934,-1.510511675527641,-1.6415814399848485,-0.7257815084296538,-0.1921896738424895,-2.086689356625986,12.76269133933369,3937.5,0.36309964870844696,0.27833532626678564,0.27128844458943996,0.27958830392701645,0.4762792796799082,0.4324513747087279,0.34610587968624046,0.09427799797945052,0.3491585936896467,0.10753974725369418,0.24504667738619568
B014_1,1,B014,B,B014,14,1,1772.0,0.16347352268497675,9.006387544222074,-0.07686184397432656,7.780588816532414,2.5057849596932384,-1.0816891806592333,-1.6256738505368276,-1.732058072117476,-0.5772567030622183,-0.2178746963392887,-2.32539223132449,8.166915968855774,4500.0,0.2085329619313072,0.3001697278078918,0.33827004552292994,0.31262527858674766,0.3868855089220145,0.3762732580584064,0.3088743385599207,0.20406188979491882,0.2945938288668646,0.15831827497540754,0.29581794912853754
B014_1,2,B014,B,B014,14,1,1772.0,0.14914701323455012,10.036405239990003,0.0501790586780699,8.742485448039465,2.491657374924717,-1.0389138693114044,-1.583726437102629,-1.7054074908191588,-0.9437221647565733,-0.12951075766577397,-2.167190729083663,11.457232955691032,3937.5,0.22055047058918634,0.25218210770128247,0.3421625991850601,0.27464298866139714,0.3937402332695013,0.3921539097015059,0.2616449612140845,0.09895733814130724,0.3294193525155626,0.14455392047722637,0.3357734372818692
B014_1,3,B014,B,B014,14,1,1772.0,0.12244180877664297,5.654160260573687,0.03874482881314949,6.399236726384763,1.488731810774897,-0.865045983851266,-1.3992651327216528,-1.5228783012959901,-0.6729270688508485,-0.2405119073867886,-2.183381454099288,6.996852142427121,3750.0,0.15109539084996917,0.2756389359970777,0.21101076222032447,0.24521285022932718,0.6038198973935107,0.47454094845652767,0.18917054123340704,0.25645073620733955,0.107884219170891,0.1755867468232825,0.5953229310664456
B014_1,4,B014,B,B014,14,1,1772.0,0.15357841028709765,8.406414615376947,0.07302402889294883,8.21571582177878,2.4817078116609883,-1.1580377492107083,-1.6960025227379358,-1.7420473684022137,-0.6831263396739756,-0.16727555849715317,-2.3481289739139646,10.445389775534125,4875.0,0.2601716571987551,0.2779191408258873,0.1456504818628797,0.22256351240952826,0.5355750048420768,0.42736003013222706,0.38256888809277767,0.2354802815364771,0.21124139144098622,0.38237140857164215,0.2797666921748229
B014_1,5,B014,B,B014,14,1,1772.0,0.14133905443743028,10.44413281520621,0.05118863711928526,9.349047681594069,2.5595658102938827,-1.1198679432870466,-1.6736122303856396,-1.7951386112471093,-0.7655599262147567,-0.14851951968923024,-2.304820310214418,9.334641396756256,3750.0,0.14826740595872234,0.2583478581715084,0.18653297927535029,0.25400820554873726,0.24542270667809535,0.34845577602142136,0.3653356556874753,0.11588881800794502,0.250085716053097,0.1559582557091216,0.49378885468713773
B014_1,6,B014,B,B014,14,1,1772.0,0.14310960304409226,8.009241177424789,0.005104292379196721,7.107768977969866,1.9297375461793806,-1.1009279692624467,-1.6376665326788329,-1.7963121748259288,-0.7867894864095315,-0.14797187133113424,-2.150178598117998,6.004304179488642,3750.0,0.3600933845408066,0.2985501508981303,0.28807836509667967,0.27282950148478136,0.6015619282107587,0.4586220069812792,0.22790847587160157,0.26321081373050115,0.2837886758916785,0.4389976085250907,0.6471497380968236
B014_1,7,B014,B,B014,14,1,1772.0,0.11960504725282425,8.331732348692771,0.006135028069223919,7.890021110304967,1.8780976717841642,-0.8860000967056308,-1.4150577007881924,-1.5801094709002148,-0.7006259937401926,-0.22249150993379843,-2.1623694870013965,6.977615883869557,3750.0,0.1889672050102243,0.219821123812367,0.22476570098769308,0.22157271799351239,0.3816235155627374,0.39980216605929686,0.2826531606002328,0.17993192168455274,0.04001596681645606,0.2344614076574597,0.37219490094281765
B014_1,8,B014,B,B014,14,1,1772.0,0.13207078747789566,8.161905909419115,-0.018731297371607322,7.239823301024461,1.8306622602956124,-0.9267236973756865,-1.4356585265649375,-1.574268285441875,-0.688122000840231,-0.21672314808743653,-2.213707564758738,4.698024109360721,2812.5,0.19027712878739841,0.2292113336165469,0.33551168123218217,0.36675890943764716,0.44189809602247987,0.45680763302529614,0.29060973187885836,0.16768354943875435,0.3986871258513766,0.33384776980677455,0.39011167912606326
B014_1,9,B014,B,B014,14,1,1772.0,0.13222558344996677,7.700787645333184,-0.025756710628382935,8.100538265957312,2.1057569171883768,-1.0068271741428196,-1.5408872495947317,-1.5903047711301441,-0.6749086228018626,-0.20077626629098466,-2.2315167683662356,5.06253414072858,2812.5,0.1900094288110936,0.19972881214729962,0.5453068042059421,0.4005448697233389,0.3384571896437829,0.4147374295722118,0.13922599295173155,0.28793620071586834,0.1995067957341814,0.38675250983654436,0.36606941221963335
B014_2,0,B014,B,B014,14,2,1749.0,0.1367037081501687,6.263754935675048,0.01750313706852151,6.811436087610708,1.8415368875475981,-1.0524675408822064,-1.366640316793877,-1.3675608371599237,-0.6807625348400044,-0.21376916296341655,-2.2470427481725084,6.351020501481129,4875.0,0.26671989527917256,0.29820121169881,0.17912602422877502,0.2550565438833011,0.5314333992081258,0.4312110495108672,0.18503851313168188,0.45276698171078117,0.28172615704103177,0.2735652298950258,0.43297376842697144
B014_2,1,B014,B,B014,14,2,1749.0,0.10563935694379573,6.674954071087219,0.026386075642317257,7.475455281439632,1.4775529090731343,-0.8428695102459183,-1.2580501100610362,-1.0936260591612537,-0.6985449046398963,-0.28947855580932735,-2.159544398698126,7.752097087681705,3750.0,0.3229878306065356,0.33960795963931917,0.07983597786298885,0.21334263712124613,0.575912524619519,0.5654469105210411,0.33010658414707045,0.0542067880904306,0.4162061212822746,0.04153572714349985,0.49969990097686234
B014_2,2,B014,B,B014,14,2,1749.0,0.15048624262225685,15.34276231956348,0.33461422609034763,12.111360982228145,3.128215559625175,-1.1227306316753893,-1.4438797191942154,-1.438266621649301,-0.5507428976897977,-0.24740831059748444,-2.2910705521290615,23.642472998230275,2812.5,0.22641456956271794,0.2079475148472648,0.07866286282854366,0.18567785051557423,0.37974115153779636,0.3732794713590649,0.19357542240084843,0.1645746710336167,0.17280847473490246,0.004122226752285333,0.24849577750629329
B014_2,3,B014,B,B014,14,2,1749.0,0.1547754779365535,8.441063945168324,0.03550821986802518,9.406145838393023,2.775650162101293,-1.0599540637685259,-1.3087354936497169,-1.3460378536902147,-0.7159575998194874,-0.2080188434358417,-2.1578082012666893,8.31135352636715,2812.5,0.26882564561908956,0.31615868142040354,0.21245701251068608,0.2628193914744768,0.3998084621831072,0.3363976115563999,0.15441751940413972,0.15964527484327393,0.43889959977048715,0.24211055799876824,0.3088680062627908
B014_2,4,B014,B,B014,14,2,1749.0,0.17372746358487623,8.745746365901653,0.09513456822284165,8.843941294149511,2.70695196643696,-1.1496433148460627,-1.3689056484572355,-1.4323995358476553,-0.5388551828075165,-0.25536504782139585,-2.3159575970175132,8.066060221860472,2812.5,0.13423287760285393,0.28483637728576544,0.1625389769129699,0.33248064236157154,0.39391212898030636,0.32855795086045353,0.21258544873836546,-0.08196762037150164,0.18839729519129045,0.14139472344153914,0.5082937994868653
B014_2,5,B014,B,B014,14,2,1749.0,0.1029390808813351,7.1767350189534715,0.131202815157154,7.948509406107676,1.5689346161840623,-0.8087519640151697,-1.2157628045521236,-1.055530800401388,-0.6992433953641328,-0.3127095069279476,-2.035216838281454,16.035551951789294,3750.0,0.2697305007035261,0.336155169159484,0.08990561529237,0.1693568844837437,0.35725549860010164,0.3142979793537294,0.29589883524303623,0.27351723230786285,0.43080443914374655,0.2120997746694075,0.25554102324371414
B014_2,6,B014,B,B014,14,2,1749.0,0.12035414257099314,5.127154188794285,0.021738684825089827,6.4347764513365115,1.3850840515070892,-0.9772549997737295,-1.323662782626323,-1.2491281144870805,-0.7977012589135277,-0.20556224974839865,-2.0677485971401124,5.234561753426214,4875.0,0.30115646967035237,0.3455621567826366,0.11779637980637925,0.22384992717862853,0.32566549178922305,0.28797046745949634,0.19660469295819663,0.05186108881557077,0.22214588016000936,0.1498375200697345,0.10052739107027182
B014_2,7,B014,B,B014,14,2,1749.0,0.17085839534831906,8.091294193165819,0.26562242112117057,8.142998179971041,2.432031127221398,-1.1130990954223163,-1.4527199677399005,-1.4351734541337797,-0.682998936415964,-0.1954510701011551,-2.232036439909495,5.967188301530123,1687.5,0.1953792298452827,0.2673847180173288,0.2061831860124165,0.3009381868012014,0.27554111488956184,0.35381738044139865,0.32335909041369637,0.35937882130554893,0.23053032699441928,0.3191807434796687,0.03621639551074981
B014_2,8,B014,B,B014,14,2,1749.0,0.15558061575203042,9.841508485977368,0.10490397475430624,11.426676522407034,3.182996798010377,-1.1216082253978268,-1.4084662153683016,-1.4590783894135346,-0.6396408991156062,-0.21025303079848356,-2.290798383798573,6.629550778618508,2812.5,0.2947855350701102,0.2553311441447305,0.2592222849534191,0.22357473642183057,0.48197840754831567,0.4843422879595644,0.2088337131300931,0.3156486987843011,0.3112837868258641,0.3103971536067748,0.3066218882459477
B014_2,9,B014,B,B014,14,2,1749.0,0.14263619205401545,7.91765323033736,0.17144072593632362,8.750881074369753,2.3894613298270264,-1.0927598771800244,-1.433794649820519,-1.3558332072601427,-0.7805443421370528,-0.1754343749226652,-2.3096069656341176,10.23376089511127,1875.0,0.3810005861598026,0.3686139095980082,0.07426687532650314,0.22309922077380273,0.12465626249849363,0.3347034355185171,0.26209918458748666,0.28800479604060814,0.35560406131322203,0.4009180586268097,0.44401174730494813
B014_3,0,B014,B,B014,14,3,1724.0,0.12504036290255932,8.830086837352708,-0.06350658071504169,9.065828160104621,2.256515556302916,-1.0183662297440113,-1.172849772407722,-0.8479027005874958,-0.6307427723395357,-0.3435518123536353,-2.11636360779765,7.378116625654789,2625.0,0.21579108020492022,0.2820460336802383,0.18838207182075384,0.2416466208255195,0.3909835202439113,0.4061279519028691,0.2813706925369299,0.2625212159380674,0.3263994996912879,0.040522679939960504,0.4026151530368233
B014_3,1,B014,B,B014,14,3,1724.0,0.12208131108841944,8.737993982286001,0.13004202465545314,9.687057505868387,2.128722050118556,-1.060901364875765,-1.2363287562972642,-0.8354277129503828,-0.6981884237517488,-0.30063733449938207,-2.0881000051155505,12.652183295585921,3750.0,0.07709176599109503,0.2224002553230364,0.25191641652789626,0.2274038823655246,0.395894398207348,0.3378296910964263,0.30701204470301846,0.3722684797009978,0.35180972004926847,0.28808651763672916,0.28425974015984307
B014_3,2,B014,B,B014,14,3,1724.0,0.1340412387448227,25.92272161074722,0.1020953607021771,14.801148934777748,3.684399811357471,-1.175293106684129,-1.328502282968494,-1.0414168537165862,-0.8864466570697471,-0.17999636392212306,-2.3197595840045904,29.471689776993227,3375.0,0.16968338233582428,0.30582035910140587,0.08489685209445415,0.3023216425912172,0.2963046976589285,0.33690737314973757,0.17402431154392098,0.11417218993552877,0.19633356447748548,0.14049061334813834,0.2680415445443422
B014_3,3,B014,B,B014,14,3,1724.0,0.12329386024604846,9.093158277238555,0.09664901601622165,10.676195972654945,2.283438077695407,-0.9976036771182227,-1.2198928279019683,-0.7915108314922545,-0.7314560303376377,-0.31701929039032295,-1.9979978049865357,7.1509111141556065,3750.0,0.37651450249230584,0.36100654453584563,0.2262843651065778,0.32976929605223215,0.6335851207206991,0.5100099309124672,0.25080635325557343,0.2790573878087186,0.4953576269753416,0.25021228910184246,0.6181428990750054
B014_3,4,B014,B,B014,14,3,1724.0,0.16882014990740454,17.905495557016735,0.3114396728344062,10.833618163911229,3.1412601720255227,-1.1786996736008972,-1.3007215817984081,-1.0032767073784943,-0.7316323922170156,-0.22570113940298103,-2.3729222861142656,17.23021527503275,3750.0,0.2841519111715089,0.3036294849496709,0.29524662964158843,0.39898546504707344,0.38664547784049874,0.3883509588106745,0.32991715790359066,0.14479959004420517,0.14862975355105393,0.32107591213045966,0.23159428869103146
B014_3,5,B014,B,B014,14,3,1724.0,0.15005070242790663,16.561475141442973,0.30063358421288383,10.574022321423769,2.989394746385131,-1.1591486862729732,-1.2935758214941406,-1.0510457428524909,-0.7789944385886498,-0.20846101323720587,-2.238329209191108,12.491091046660383,3375.0,0.2724370462440303,0.23346137756880322,0.15835178553874676,0.23751833525735133,0.3369515840589268,0.40553756091084964,0.3405997937971101,0.2573083370031848,0.28256542639577714,0.25950730176240305,0.3571488673544915
B014_3,6,B014,B,B014,14,3,1724.0,0.14949045901563213,10.727103760743375,0.2606222115357059,8.59197587124481,2.2894867865272888,-1.1381100074794843,-1.2560616228380672,-0.9712330197008661,-0.7045684944433865,-0.25032060313152654,-2.2540083433545424,7.424555492281048,3750.0,0.22840088646674006,0.33405860901061096,0.04888041695288104,0.23042197491224964,0.6206696330461742,0.48375944233489765,0.3172324926227305,0.08766083325625783,0.3691364644876342,0.16874194101271114,0.4684275447464196
B014_3,7,B014,B,B014,14,3,1724.0,0.12267215231759332,8.993020612701871,0.09328392184260893,10.498837406741048,2.1586211462515688,-1.0541331403373035,-1.2901908184702584,-0.8052818518959323,-0.6942095819263167,-0.30550216425545934,-2.167536884991201,13.686358977323183,4875.0,0.294510582681417,0.33017324025529804,-0.017161111876233117,0.19197483678036034,0.29804210140779624,0.400847598096476,0.2798804620848682,-0.0596701605610697,0.26234564837201413,0.06829787757913529,0.050690767039969095
B014_3,8,B014,B,B014,14,3,1724.0,0.12882909888075691,4.9071464330126355,-0.10036936180404597,5.548703141594743,1.3761056112293888,-1.0987680461115084,-1.294114356735924,-0.9007709019180811,-0.7035804721114571,-0.26756889122228295,-2.2265741916011343,3.284724968163742,3562.5,0.12314177554831848,0.23332622928047975,0.23969482928023544,0.21947457131667686,0.5604431213037322,0.4168458002298458,0.21191720269039674,0.18498569451579103,0.20611666466252898,0.315437537428051,0.5030902915163354
B014_3,9,B014,B,B014,14,3,1724.0,0.10161861333239705,12.486590439551335,-0.16912154246599212,9.777401352534916,1.9453925444310283,-1.0390007907954202,-1.2328735876987535,-0.8153671098387424,-0.7066320223491497,-0.3053503694793525,-2.2549084201220864,19.117994162253826,3562.5,0.19706657009889098,0.2094794463242973,0.27791663832393115,0.21176423944420888,0.3115395432433532,0.3062550982674221,0.29914192331168793,0.06666633647477856,0.28071628022048084,-0.0037256719356889246,0.27205902848607905
B021_0,0,B021,B,B021,21,0,1796.0,0.1143170871791644,3.587373466264426,0.05434739532201828,4.853455589124531,1.0166025156780905,-1.6940533242663125,-1.2142746473766928,-1.4239858536521657,-0.8223263504030469,-0.1620648658343099,-1.3773212362733984,0.9567747708528196,3750.0,0.8713320316640409,0.7221766316685796,0.03797253647667815,0.5762657400938412,0.15449748022881626,0.2881389125088312,0.7613449127659898,0.3578004413120564,0.6759168400078457,0.435445527101115,0.31479245966155933
B021_0,1,B021,B,B021,21,0,1796.0,0.11731552502773507,3.7618458468537344,-0.004292647679071545,5.1598756798305345,1.1135366065968975,-1.7327793028282736,-1.2363518634502195,-1.4180486693263357,-0.8777916923948067,-0.1479011285010888,-1.3829570514916767,0.7301020489429049,3375.0,0.8701157467151646,0.8052854270995675,0.004016315087222911,0.6698629481781544,0.2768811582643525,0.3667823783444909,0.8174335679296945,0.3674350637641406,0.8808773243128883,-0.04607059489226759,0.230302021340751
B021_0,2,B021,B,B021,21,0,1796.0,0.12317036686969574,3.568732527769378,0.007807631796305808,4.480525987167371,1.0663420856688783,-1.7197779521170349,-1.3271881396862584,-1.4123163924917748,-0.8965888756882402,-0.13699801570859235,-1.4110231418664994,2.6710425094627475,4687.5,0.7257296237198049,0.6891741321759666,0.3768936502108129,0.6014895408276728,0.2911997813373547,0.41030331813988447,0.6705956840702916,0.15473801802732526,0.31272762342642857,0.22258674194479808,0.3148560578434975
B021_0,3,B021,B,B021,21,0,1796.0,0.1251593383018803,4.147942265332004,-0.026551101880686986,6.777970431423727,1.6121639380549067,-1.7289452970427228,-1.3461558471385746,-1.4266593849400977,-0.8297368576838975,-0.14905460353459402,-1.3836491000879965,4.39100976412457,4875.0,0.7296528569046209,0.6273119739019756,0.2267195392840064,0.5259506381923535,0.4497487733169205,0.38974959585941565,0.6650047018283042,0.20084316288913742,0.4189627833847148,0.2682807689039744,0.4210337924289211
B021_0,4,B021,B,B021,21,0,1796.0,0.15745377164868335,10.760914720558718,0.044260665013858565,9.769409764363703,2.950860111311811,-1.734872930306873,-1.2652399407408639,-1.4834939452942788,-0.7885207814693578,-0.15971615101563294,-1.404227464510306,9.073882988596019,3000.0,0.8406187211072133,0.7237318278959887,-0.0036571471815120653,0.5435478771795216,0.5155240050548071,0.47657190633049845,0.5932116143953424,0.19696850794024148,0.37233652476141604,0.08140596874169466,0.45979768967952717
B021_0,5,B021,B,B021,21,0,1796.0,0.1405191957725192,11.193757372005106,0.026649153332539498,11.589165605470118,3.1800307591629426,-1.7797440389815058,-1.1904215292774072,-1.4242592989037546,-0.8462550410276809,-0.1573277716206984,-1.3699227316632019,13.688735323182796,3000.0,0.9968570007784717,0.8484120590407751,0.4599512443234455,0.6441742965355686,0.23475769556523138,0.43322134269259766,0.89938723831269,0.0756008837111864,0.07104284240222863,0.5313801342446249,0.2103699213217222
B021_0,6,B021,B,B021,21,0,1796.0,0.17097068307735158,12.005298892814004,-0.035351015108295976,9.627946457396135,3.1580916221785325,-1.956221833670841,-1.5561611350557163,-1.615261936954518,-0.7793278560005867,-0.1275292310416531,-1.599559050498045,12.067060934917224,3000.0,0.4272088255339006,0.5132067863373581,0.007260387051518493,0.37751628368015383,0.6452696093039171,0.4747105921579411,0.5283687234411443,0.2502105171433609,0.3632824577371114,0.142261070773878,0.5399818811418028
B021_0,7,B021,B,B021,21,0,1796.0,0.14135011483208088,4.641444919718641,-0.013168584737070188,6.030981225894494,1.5638752203326574,-1.862478959295587,-1.5050998403656328,-1.5314627354314772,-0.8023458712952235,-0.1330846876695765,-1.4960995091793137,9.577131719883797,4875.0,0.6148427458145747,0.5550030832896207,0.2581185998885068,0.46828645866340646,0.7411860984246597,0.5140897020829263,0.49102089614675254,0.15535714775215223,0.3195334654370115,0.11029707163894227,0.6005155209707603
B021_0,8,B021,B,B021,21,0,1796.0,0.11803150699920645,3.596286474704777,-0.057502254064723875,4.389387839172523,1.0216404406354958,-1.664748308514818,-1.2702222384742814,-1.435966305801358,-0.8682028931735746,-0.14735944416728292,-1.3945089974120086,0.6344650389185769,3750.0,0.9272350186959967,0.7881000833229083,0.1638671908115519,0.5882634859953779,0.33346315624958794,0.387962990015993,0.7532458304614128,0.3633176597384166,0.7506139059262307,0.40781485147305874,0.3191860036692158
B021_0,9,B021,B,B021,21,0,1796.0,0.11538476593523934,3.6961550958097673,0.006776536069514217,4.730358767964108,1.0661968991286275,-1.710962466747454,-1.2097232736431354,-1.4321348002967338,-0.8633544467804198,-0.1537882542187429,-1.3655239878650565,0.5454446571677418,3375.0,0.8697129085081854,0.7971397564435905,0.4444538912574932,0.7117602364210172,0.5024562418791481,0.4443921071143258,0.7211173453337779,0.4737988417025691,0.8463554695037201,0.4006101702657841,0.5134849007639563
B021_1,0,B021,B,B021,21,1,1774.0,0.15070277468779453,9.922541475815688,-0.06618909484925006,7.7942833582504685,2.3468258985231567,-1.4264423632376617,-1.3429012357058783,-1.6526182556769402,-0.8859114017654784,-0.1264223413248433,-1.759503951583485,10.956757602128468,3750.0,0.5751268879632075,0.6743015684056307,0.11805355829940016,0.5846522898855439,0.4058287011419044,0.4558240044274278,0.6812381868755937,0.42512853313665183,0.7044716975156659,0.1827674485345469,0.4442764557815889
B021_1,1,B021,B,B021,21,1,1774.0,0.10955677424234514,3.672632317136151,-0.040238676708339645,4.964517377260903,1.0465389508460845,-1.4081984535470418,-1.338447070071507,-1.6423253903386192,-0.8744068748057219,-0.1300199962507303,-1.757850658339077,1.6821554146075743,4875.0,0.7439090664657718,0.8161273006203434,0.2720508206677086,0.7020079070697612,0.03782905806817842,0.2976940274175619,0.8475811867807717,0.5477075241245659,0.7111304053649936,0.19902492802572155,0.49189479495372707
B021_1,2,B021,B,B021,21,1,1774.0,0.10626979270368324,3.361389591239702,0.02583287214117998,4.077368719394916,0.8509749104202325,-1.402148297197717,-1.3052692110733486,-1.6373769070784367,-0.8789753904935337,-0.13212368857924034,-1.7449365033254387,0.6382730213651069,3750.0,0.7429278538623607,0.8178182283615459,0.26940367383872676,0.7414845898798008,0.27555694041532636,0.3400274222403763,0.6848909731089166,0.3785930525342382,0.7414218706383519,0.29090923703693655,0.33657058349222474
B021_1,3,B021,B,B021,21,1,1774.0,0.12505991013262574,9.678464931606463,0.07482294030318326,10.045312385588657,2.5066797136521908,-1.549043280815133,-1.4668552761190166,-1.7031153618987258,-0.7555592022588968,-0.13960685339175,-1.7656107737798548,7.964912185972327,3000.0,0.5428545774721185,0.5660591791542254,0.3682147329873708,0.52194850307268,0.5548891273788376,0.4168918944207299,0.6367513676892216,0.38444194274317467,0.382714506962143,0.19693701309984132,0.48290943117691626
B021_1,4,B021,B,B021,21,1,1774.0,0.10766074514188759,3.3780881234771694,-0.009458928879085093,4.200203838615277,0.8947203451217689,-1.3735005206070536,-1.3146464297791658,-1.6120040249420864,-0.9098952116779219,-0.1279273268843029,-1.7726224845436218,0.5536863934410845,3750.0,0.8599345884452079,0.820173532986724,0.33509004673559467,0.6915349035042219,0.048802341340944806,0.42333475585000224,0.8598172355900242,0.44500856668798355,0.7273676803859185,0.35980909516400406,0.04092817392223221
B021_1,5,B021,B,B021,21,1,1774.0,0.10874899921379134,3.32338775677073,-0.04313352806986752,4.372590672741686,0.9338799968230524,-1.353613431051009,-1.2933315489783441,-1.644598979515524,-0.9224236690007152,-0.1271739247418432,-1.7843058766551458,0.5182666658890427,3750.0,0.763025341929917,0.7834366910314768,0.139918120318276,0.7289584996712559,0.2600745563846284,0.3591586567752848,0.7266668450816565,0.5105240619382877,0.7148386825123785,0.0875501416507891,0.13767898127737538
B021_1,6,B021,B,B021,21,1,1774.0,0.14197871158374994,11.61342351620324,-0.011491872363966801,10.274884216895734,2.8796825107321022,-1.413288980184431,-1.345759289857501,-1.630646119695399,-0.9175647416649486,-0.12202456307864167,-1.77157045844319,18.002491501002204,3000.0,0.8277461202247582,0.7725111853444312,0.5105089185399051,0.6713672042365669,0.34445045272920666,0.4068544094012252,0.7672268189387098,0.49479179363687303,0.33829217683613644,0.313890347724165,0.2703272704801595
B021_1,7,B021,B,B021,21,1,1774.0,0.13506410217809978,11.31455738490042,0.026819404245019798,10.864685616126494,2.733065165314229,-1.6737130686276593,-1.5867788933382945,-1.7632100565613291,-0.8473229054033402,-0.10916221965607258,-1.8018018821201727,18.074131296230757,3750.0,0.4624996282749545,0.40086919999965137,0.3013519458875364,0.35268826070257747,0.6225853117496439,0.4147641287455765,0.45674128371225653,0.36545311855110835,0.46878855912383777,0.127831704912806,0.6342612669863438
B021_1,8,B021,B,B021,21,1,1774.0,0.14094603591636798,9.091757041046428,-0.012095049372022961,9.095727640082353,2.4357610955927993,-1.8358647436362627,-1.6894686952463136,-1.8686631655923298,-0.8009083946026014,-0.10913699797245106,-1.8102467849669353,13.655057401836043,3750.0,0.32537666173093877,0.3436560616459659,0.016820976538304375,0.2498968331503255,0.7812426527547593,0.5603217148946241,0.46363057141090597,0.3284812357405857,0.3632618106064496,-0.12120613042716144,0.7956340992469825
B021_1,9,B021,B,B021,21,1,1774.0,0.149030046638933,9.041744913250069,0.052158749901500025,8.842039285574304,2.4271291215070265,-1.8669746790528725,-1.7210894816252493,-1.9353799913567964,-0.7330142774916064,-0.12113100421559253,-1.8453222468052668,9.718489783034334,3000.0,0.48221787103995967,0.4273002114581997,-0.09102089031256644,0.33800654789087475,0.8436570634442802,0.6480814247794169,0.27125685852959375,0.542761101303654,0.38272314028805804,-0.005334000972800613,0.589216235179606
B021_2,0,B021,B,B021,21,2,1754.0,0.10380336388416449,3.347057151508174,-0.02331621167707927,4.28081288957728,0.8820940747580361,-1.3611924002733,-1.1738187680850416,-1.0570023140549007,-0.9147018766455346,-0.17604959463923164,-1.8755719154730528,0.5512289904273979,3750.0,0.7135335385104075,0.6635487901011278,0.3753449354410408,0.5267127146295607,0.21922212433494814,0.31454750621906186,0.8502112273503311,0.3722109670451744,0.8436996820018218,0.29402805993614844,0.15545216240962745
B021_2,1,B021,B,B021,21,2,1754.0,0.10559826288562436,3.262990109187902,-0.055473348870273984,4.195459197283927,0.8738003759584152,-1.3785559091076607,-1.1815497786283466,-1.0811955697774966,-0.9396713998696998,-0.16588030945691237,-1.9221511099020556,0.36289588580925125,3750.0,0.9040799493596264,0.7616520824858414,0.37151003177587616,0.5983441520011419,0.19255349751334644,0.38928936742766296,0.828647418130752,0.4328743053912099,0.811966274999375,0.3101523043768298,0.22221631083954013
B021_2,2,B021,B,B021,21,2,1754.0,0.10502558023561698,3.332770664347288,-0.02330587731363814,4.125339471368998,0.8475754998673329,-1.364347463364434,-1.1940056148240463,-1.049125911832255,-0.9364017827572528,-0.16975318225264427,-1.9481846379728418,0.5276414009631964,3750.0,0.9401227917904351,0.7949210166631945,0.5816567051906314,0.6259390589154887,0.20718351173737226,0.3527586547789924,0.7845086149565965,0.4346702323108539,0.7618355111499179,0.19834873442099535,0.19099808497748652
B021_2,3,B021,B,B021,21,2,1754.0,0.10507476151372966,3.206805477462655,0.0052928875737557595,3.852838565055861,0.8032694293979452,-1.4368285213767973,-1.2140080277902743,-1.0568771457699389,-0.9396205472082372,-0.16233973835560211,-1.9363633928020536,0.37101086818326623,3750.0,0.7605503689151523,0.7237048963201768,0.4403043340653564,0.5909289052162964,-0.004849579248161998,0.3105109235946254,0.7927304000535649,0.3173583229391297,0.5675142353730609,0.5905448305691553,0.1968068602387443
B021_2,4,B021,B,B021,21,2,1754.0,0.10601379219067163,3.2659360276805285,0.037110814036594345,4.567040574903315,0.9011315226989773,-1.4241775233405323,-1.2013940609046552,-1.0767111235203553,-0.9194670536328566,-0.16526572884568946,-1.9290631448619513,0.47861545090608226,3750.0,0.7313168533520048,0.6601079525867918,0.3657983307727897,0.5263325949745103,0.30056058828441107,0.36699507202372406,0.7152795625241435,0.28645226953825065,0.7004544682022076,0.24664264461410154,0.18710038238101762
B021_2,5,B021,B,B021,21,2,1754.0,0.10479615869352606,3.1628265309706864,-0.00033081910157127227,3.9287126695030956,0.815080337456856,-1.3984743634250316,-1.201319606627915,-1.0738517776243264,-0.9379670282467193,-0.16336591039950607,-1.9610385896182951,0.4331481781858906,3750.0,0.6904780529194348,0.7118298511231428,0.3805142695661991,0.5943230477893303,0.28100800268579773,0.3760626133705136,0.832269100767316,0.45386310575627004,0.7458026359264265,0.30581606251969695,0.37153936401940635
B021_2,6,B021,B,B021,21,2,1754.0,0.10849417450795695,3.246653910931777,-0.053625287243825044,4.217146719082734,0.9065490713684553,-1.4189910413218216,-1.2060530515792096,-1.0981329587516826,-0.950176172654099,-0.156807407725828,-1.9665068231301104,0.499404011936055,3750.0,0.9150719427156013,0.8434162725197486,0.3057733300109598,0.6449397398313528,0.21719902940940353,0.3764207772535166,0.8921280695055539,0.41942847171839404,0.7843028098266414,0.16370363571023053,0.17104661842578203
B021_2,7,B021,B,B021,21,2,1754.0,0.10532011708117822,3.260896169410714,-0.042595475051448214,4.2187302623890295,0.8261393141264037,-1.3926458863390867,-1.1681107652321419,-1.0356684209318565,-0.9260363845709573,-0.17507857939557864,-1.8961946115089297,0.35452123745485364,3750.0,0.8689498751063052,0.7853513154180044,0.4332577906767878,0.6045371893404747,0.17334084523859736,0.41344957305873015,0.9356740232312618,0.15960257492301586,0.7379127552966233,0.41471359095729726,0.30491373568154156
B021_2,8,B021,B,B021,21,2,1754.0,0.10538190668446552,3.253377132226992,0.013838619720462889,4.519983839901067,0.8950903011589894,-1.4284831177556652,-1.2043440378850732,-1.0484186544004626,-0.9394255357540175,-0.16585109263569772,-1.8775612870392013,0.3475398130563754,3562.5,0.847711088097985,0.7509230492222335,0.5327749321116096,0.6490658735279794,0.2570109607973322,0.37176097118470885,0.8928328709921277,0.3932212438211424,0.47049078554322404,0.7553926292691985,0.3299320103846985
B021_2,9,B021,B,B021,21,2,1754.0,0.11000779123351208,3.6520570593698065,0.029664682953402178,5.353704893626697,1.1278944368633586,-1.453335169850397,-1.2370449771145358,-1.0909413028960482,-0.9260901083580559,-0.1589204311954231,-1.8651557732965385,2.2079530216950305,4875.0,0.630512704963993,0.6514108740147209,0.3211467187927784,0.5794346357719558,0.26463802979955364,0.35328497286938526,0.6628676383958911,0.3626585910017316,0.3064047805738369,0.09462118904397836,0.4175124852652087
B021_3,0,B021,B,B021,21,3,1729.0,0.11561468054159559,3.0631857880863644,0.044016388317195496,3.768131722351764,0.8668014562686405,-1.4907677187409432,-1.1945568368566186,-0.6620141015316451,-0.8528103435918412,-0.270903907702271,-2.0094742497845877,0.4931580885024309,3750.0,0.6092121302964502,0.7239182899675368,0.3151582355090224,0.5836809477257228,0.04461108893464645,0.4277767590508165,0.8354534257082455,0.37168136021926446,0.6082697787675935,0.1865369143113574,0.23277020552261762
B021_3,1,B021,B,B021,21,3,1729.0,0.11493814647231128,3.099915109264687,0.013042491984335545,3.854108460561117,0.8686936628698116,-1.4683336634360407,-1.2023183284110537,-0.6570195811379075,-0.8895030550112067,-0.26334098003319745,-2.0635866524210633,0.5289900495506359,3562.5,0.7669750689123623,0.723202973308265,0.47129168563704316,0.6069710678625376,0.39026422906399727,0.4785747003761113,0.8220867123492247,0.29573645301082685,0.5511169006749244,0.4040772065400327,0.2906546147714439
B021_3,2,B021,B,B021,21,3,1729.0,0.11697643804419851,3.1886116361294494,0.0008427396633938381,4.363956862802916,1.0027570692362586,-1.503766374657521,-1.233120833544869,-0.6885243411867892,-0.8881614797553249,-0.24565643636327686,-2.0994978239384587,0.5497722478882565,3562.5,0.8090348033107037,0.7587474714743029,0.3304736098568994,0.6179218495762441,0.2748277942651762,0.46852306270243144,0.7977183585712345,0.2549178573168253,0.6121652739603465,0.5372955259150577,0.31609871663369826
B021_3,3,B021,B,B021,21,3,1729.0,0.11807911232856409,3.0523047092710063,0.02335270074895388,3.9255087695618505,0.8924176283708727,-1.5350049724571824,-1.2180379514870499,-0.6767360919272861,-0.9436221451721267,-0.238985034825717,-2.0389448685320586,0.5449647866598304,3750.0,0.8686722514141236,0.7773912977778044,0.5472150713832526,0.6348628758108428,0.03779746896536281,0.4035208816405668,0.9738955268426875,0.03755408770419506,0.6612515366741478,0.125658332392306,0.15239342880449425
B021_3,4,B021,B,B021,21,3,1729.0,0.11668503301297237,3.076721251697157,0.05214469811657024,3.8562459876343866,0.8693225905560884,-1.537055203948416,-1.197474824953251,-0.6737829570986718,-0.9138255755363915,-0.24751297738633016,-2.0948295995606534,0.6430016057940158,3562.5,0.6324598176300864,0.7100171319277356,0.2847468447541149,0.597295490326391,0.2506187942357729,0.3878365196478724,0.8373412676796386,0.6758663529329414,0.818714785375924,0.394322909278411,0.17444374655086328
B021_3,5,B021,B,B021,21,3,1729.0,0.11660434557296559,3.140489212746128,0.017307852097163443,4.135105495129074,0.9306752773779632,-1.4827727223691882,-1.1636914698470153,-0.6770223993844243,-0.8798215485449487,-0.26154677321459974,-2.062269147959112,0.6055259925832166,3750.0,0.6730585937528096,0.7203813125993292,0.2651499942057466,0.6115987862181017,0.1600122488467721,0.33313926089075896,0.9010306872048941,0.22944207708839792,0.6627468151042939,0.5114452270828939,-0.009157067623564542
B021_3,6,B021,B,B021,21,3,1729.0,0.11708156883462927,3.118260855163537,0.007599767354496829,4.18119294757804,0.9191551304350087,-1.4768531114798202,-1.178800467849576,-0.6776229273238481,-0.9110808179946406,-0.2527944932242374,-2.052473933917894,0.5311520426852736,3562.5,0.7781914173221577,0.8029560368690289,0.22787681163349116,0.653423403748029,0.03700068988562425,0.32355393526440207,0.9530146818166293,0.2476465831205687,0.6736750873600656,0.3998291550815295,0.19771057658940666
B021_3,7,B021,B,B021,21,3,1729.0,0.1198439039989789,3.1944065429946615,0.0176727034017649,4.217159023480446,0.9547182538126295,-1.5083449218321292,-1.172921517867609,-0.6787547137608998,-0.9016474288619652,-0.25336307054972346,-2.051842235668392,0.5270014584967275,3562.5,0.7869680989371326,0.7071960174150319,0.37451912314102953,0.5861977929935879,0.13003544893143643,0.37489477349803507,0.8081510139216012,0.3396151817809065,0.591822118637036,0.42043065745512925,0.14395045534114476
B021_3,8,B021,B,B021,21,3,1729.0,0.11795457669121603,3.0438103646169807,0.041482716873350665,3.8725052572791774,0.8839715166212404,-1.5533749805752066,-1.153818609764168,-0.6686876779726322,-0.9158989917891391,-0.2539854275450007,-2.053370961896951,0.44000940828458646,3750.0,0.6907976056233226,0.8009507209918824,0.24506317423733426,0.6709007186395527,0.19221085072280478,0.3669243082840499,0.8180356469539437,0.6082249768392916,0.7046312995196755,0.39439318108506805,0.2684583142840849
B021_3,9,B021,B,B021,21,3,1729.0,0.11806298031054736,3.124125232587245,0.008772954504609616,4.747589157278928,1.0539282450342125,-1.5344147745775316,-1.1581616416763567,-0.6785178171884687,-0.9038418121498552,-0.2528562269214272,-2.0847593603324275,0.540758945214455,3562.5,0.7395232361114834,0.7253287807313906,0.22145295520151217,0.6096604495708954,0.020033638482389128,0.361011546659586,0.9457603985742519,0.3831848778628172,0.5852009377459415,0.42905143870299106,0.15588958558838353
OR007@6_0,0,OR007@6,OR,OR007,7,0,1796.0,0.6734108664048688,7.629014876201989,0.08603127634517663,5.266263482539138,6.767068958480735,-2.914638677102082,-2.2675916559810974,-2.546562010238922,-0.595891037571353,-0.13414464281903896,-2.569872202371274,1.8915475558086068,1687.5,0.20137964800577837,1.377791275101161,1.9091377224113337,1.8591012671997609,0.9531211506574294,1.3677157277763998,0.3128005188305127,0.560170757918598,0.18337613767894598,1.8945009239722999,0.9864074313418132
OR007@6_0,1,OR007@6,OR,OR007,7,0,1796.0,0.6427169424454858,7.449333454306355,0.04391932166827576,5.11862633735329,6.2755720530836,-2.801750187633374,-2.268708131365621,-2.4009372042281565,-0.5928091765875387,-0.13618521340367123,-2.544840348155655,1.5700456096216442,4125.0,0.3696307293619002,1.3820869262351951,1.8818418366406011,1.849629201645073,0.9372462421547016,1.3652019036640253,0.525544125703466,0.48291458958763767,0.05352829323162977,1.5034684565213303,0.9471820287007843
OR007@6_0,2,OR007@6,OR,OR007,7,0,1796.0,0.6717125354306577,7.686688820272232,0.06814375394877724,5.039660008943072,6.656061349913166,-2.893931666290988,-2.336826773625623,-2.4897215658639085,-0.6026827767720151,-0.13162144530674436,-2.5703442243673247,1.6146383934317283,1687.5,0.21356456471267646,1.411057474133498,1.9124407923598263,1.8824466182705668,1.156818237142587,1.3837213076305332,0.25060579523826404,0.5324892678082168,0.2264489750828643,1.9195105823102654,1.1624354936644345
OR007@6_0,3,OR007@6,OR,OR007,7,0,1796.0,0.6918901246682655,7.624766616205966,0.05016667321317848,5.114427488212639,6.741246892047135,-2.9372682191557344,-2.4502634719343157,-2.551628655401862,-0.5981473600732162,-0.13214735436091346,-2.589813671297209,1.7356993365372473,1687.5,0.34319179547552225,1.3779373943683142,1.938650240338615,1.8762677996342985,1.0312403541521988,1.4138241544195342,0.36749008969299907,0.19846377750858174,0.3340663537497773,1.9408185985510977,1.0494190021578222
OR007@6_0,4,OR007@6,OR,OR007,7,0,1796.0,0.6620283244536457,7.47722518184274,0.07537861319361382,5.105483906648942,6.477308462598806,-2.8821992580618323,-2.3011172306731287,-2.4704241926561363,-0.5970697186881689,-0.13399868604306917,-2.5379156691562623,1.5537143505962687,1687.5,0.26374972235621796,1.3644466669065762,1.9119991844795117,1.855402177565017,0.9288050142471957,1.3467084060248107,0.2297047065000824,0.34853593878070305,0.27905494207279025,1.6200409736516235,0.8483410164068718
OR007@6_0,5,OR007@6,OR,OR007,7,0,1796.0,0.6510217454906723,7.605282605666149,0.05401462029114798,5.261255144366576,6.578428621212853,-2.7774685058517234,-2.3941560440126626,-2.4875557697330324,-0.5979965067479345,-0.13323085662216555,-2.5413140289141376,1.5729626409701143,4125.0,0.4315149891221016,1.3638998512028382,1.945007698753885,1.871373841974372,1.1254103336843617,1.3930789402277237,0.28974536813068047,0.38618888415579644,0.2256765456162266,1.581912078533064,0.9611956764401915
OR007@6_0,6,OR007@6,OR,OR007,7,0,1796.0,0.6743348853651951,7.856697908114343,0.08036401212067983,5.404575071776533,7.0019871233898385,-2.954455981392815,-2.476285017978638,-2.3212697675373395,-0.602757613489237,-0.13169219018586226,-2.5605546312813043,1.820728959155141,1687.5,0.4618384868824747,1.4705692388167115,2.003465027362902,1.9644255178392933,1.2188188160405502,1.4327167035781454,0.33972503820545347,0.21914536924841183,0.47357536473988987,1.993832263782816,1.2307572335985035
OR007@6_0,7,OR007@6,OR,OR007,7,0,1796.0,0.6872433377205017,7.581594212351621,0.04325819919115067,5.040696369119261,6.733473648063472,-2.9679437518196483,-2.439086856494073,-2.5020157858239234,-0.5993296595412665,-0.13203812470726314,-2.56563176383295,1.7221895183294302,1687.5,0.10958738612475398,1.3630983507829255,1.9418911891195605,1.9105170087488192,1.0195433600369277,1.4099301426363406,0.32948789419920255,0.43835191942107726,0.4751279510478208,1.4944826463164285,1.0143816359998525
OR007@6_0,8,OR007@6,OR,OR007,7,0,1796.0,0.6474713757192934,7.715713417395126,0.055592964275552145,5.225602488044627,6.510024759135163,-2.8817251888867155,-2.292639763500125,-2.4809799034369315,-0.5994280408781066,-0.13311503901989888,-2.560842448765314,1.4624842611142443,3750.0,0.4336972181759623,1.3445557520124953,1.8265346561402696,1.823656565401223,0.9521865736226787,1.3335620977641935,0.4167776250184468,0.36602276124761957,0.4371257622771159,1.5878360635501076,0.931335657050375
OR007@6_0,9,OR007@6,OR,OR007,7,0,1796.0,0.6585291069965047,7.906778161227719,0.07239996345282974,5.175228140644197,6.653478468486674,-2.9023179322355337,-2.4271104331874764,-2.4303852998170044,-0.6024084306931521,-0.13162302458327052,-2.5303091753859444,1.4764089718910856,3750.0,0.41295985299894916,1.3734671723277825,1.8501892952773535,1.839889639063739,1.0958657863432486,1.3585739591037775,0.5565775661893945,0.41570343266085874,0.3274942484615244,1.7206013256031143,1.0049810616036823
OR007@6_1,0,OR007@6,OR,OR007,7,1,1773.0,0.5973837904285748,7.571737977472059,0.03587697949746709,5.115635150879443,6.007665535099832,-2.78990427115311,-2.5279863815907113,-2.0982674472286176,-0.5262013736535522,-0.16313363602020706,-2.542540163133728,1.8704619362215555,3750.0,0.35691768954247005,1.318095957850792,1.818557306779753,1.789456118314019,1.0960150959501544,1.3278210644573922,0.5217761489251104,0.5008558168284621,0.05999412743637364,1.8366609917092909,1.2003350740774894
OR007@6_1,1,OR007@6,OR,OR007,7,1,1773.0,0.5844006458598638,7.609223720074982,0.04520778098981624,5.131986264823459,5.92236837654533,-2.770122955932477,-2.5199430652695223,-2.136868614219523,-0.5314600879651828,-0.1605726007713197,-2.532358638210304,1.9580948906176752,3750.0,0.2967177839225248,1.2829571198380192,1.8470955267467632,1.771777469186546,1.0766505674959002,1.31479735747459,0.5862446504023783,0.5705846134692492,0.39670467152240074,1.837307541317303,1.1451259295759435
OR007@6_1,2,OR007@6,OR,OR007,7,1,1773.0,0.5866859022746566,7.549344752075573,0.027710445323513577,5.115804197847794,5.887619551984627,-2.7780220480205107,-2.547143569919261,-2.1530994004770228,-0.5253241710532632,-0.1628455921136451,-2.5469398068383513,1.978128452157617,3750.0,0.43210124284733764,1.3292674333202261,1.8024264843852336,1.7618219421461858,1.1298385346407724,1.3383051990953472,0.5255232309827358,0.5716182895671884,0.44338965350217874,1.862367556348706,1.207486545407217
OR007@6_1,3,OR007@6,OR,OR007,7,1,1773.0,0.58360305783068,7.665996153894642,0.04653706645765701,5.321432541967402,5.963389269623294,-2.76142262564495,-2.5030994385121432,-2.1377290121017523,-0.5267154542431635,-0.16260227189955329,-2.5550096566837426,1.994006817725305,3750.0,0.4324910397731981,1.2654347835993107,1.8086419448402562,1.7170045926961628,1.1158620837802538,1.331499781849701,0.4727416801293613,0.5183043739001902,0.3563153995874829,1.7834180315425103,1.1346767841908907
OR007@6_1,4,OR007@6,OR,OR007,7,1,1773.0,0.5897850635814278,7.5357040864100755,0.030942291088039316,5.024905836689804,5.902880763163826,-2.778768982665801,-2.5525686827700174,-2.1108367272968054,-0.5253170438098458,-0.16323771449247665,-2.5570321106208884,1.8954157438716375,3750.0,0.5994755432145077,1.3100946661749717,1.9293102855236537,1.8365054218831285,1.1533881408167106,1.363875819895075,0.47663152919497587,0.4719112845871497,0.28529434866932574,1.9077275408072352,1.2153517284141804
OR007@6_1,5,OR007@6,OR,OR007,7,1,1773.0,0.5905341569401159,7.490834699508379,0.03685841791270602,5.206344469711232,5.931424778339286,-2.777739541284505,-2.509657352689235,-2.1009048231818466,-0.5324922628856135,-0.16053262750286976,-2.538124453076399,1.9677366140401804,3750.0,0.359144977940372,1.343703047250599,1.881838422966431,1.8349788228822388,1.162127010145648,1.3601035560626082,0.5724091712399592,0.3076935356688185,0.07230771148550487,1.848305208264826,1.1983680334571174
OR007@6_1,6,OR007@6,OR,OR007,7,1,1773.0,0.5913972767009611,7.554019754831165,0.03287423896340003,5.100938633867971,5.822642200096193,-2.8026077147765274,-2.540553792367878,-2.1422423194728024,-0.5302329996367561,-0.16080213372944238,-2.54977274483937,1.8966428477983852,3750.0,0.402312813651202,1.3467488465527564,1.8485846630356055,1.847180384940689,1.1249415495555943,1.3761337354005536,0.4461364944134153,0.38523144637106,0.2310464924739171,1.8716546697722685,1.1942728102106808
OR007@6_1,7,OR007@6,OR,OR007,7,1,1773.0,0.589001772874249,7.620670708922248,0.026932597193812594,5.224564227577145,6.010040511092379,-2.816521245449071,-2.529037792517429,-2.211582142434019,-0.5294954342387777,-0.16058719391167367,-2.5211005919236054,1.9386658318155479,3750.0,0.4005911221008911,1.3010889549086941,1.8861413225242571,1.8152861236266469,1.1260361067564613,1.310693413928952,0.461171301300747,0.18614056204693788,0.29646319487787376,1.8164392824079407,1.1516358430256186
OR007@6_1,8,OR007@6,OR,OR007,7,1,1773.0,0.5861502268115916,7.756174187842369,0.04105661567695948,5.316727974083758,6.074452015243361,-2.79220448425824,-2.510775674156322,-2.2157947370282125,-0.5358259153091569,-0.15794462261736075,-2.5352625614866713,1.9864794366493501,3750.0,0.3123959662334496,1.3472864680006167,1.8170744732707544,1.8124321841745257,1.0709614925580848,1.2893702978684807,0.4909464378800316,0.29396289760252986,0.4787365307048517,1.8802831754764566,1.206920970087434
OR007@6_1,9,OR007@6,OR,OR007,7,1,1773.0,0.5880921120473044,7.8161896655659096,0.027506007610347414,5.237100967273052,6.041580013157496,-2.815447461042426,-2.5558208443875556,-2.172384270531137,-0.5277762364904511,-0.161675869646693,-2.4998478345534103,1.9596194471394552,3750.0,0.42295467473821624,1.3514695745423217,1.8211816205518085,1.800970581253578,1.1110273927246772,1.3292850872726742,0.6001882325878396,0.49176759135959647,0.1661296093791554,1.833595179516643,1.1772164687202362
OR007@6_2,0,OR007@6,OR,OR007,7,2,1750.0,0.5588709305513608,7.846786795482117,0.024267279246977864,5.177712898098172,5.586714622077683,-2.781261242587965,-2.249302492755144,-2.1266532325781338,-0.565695087392336,-0.14828795425626803,-2.57424978076409,1.834613188032852,4125.0,0.485561902694994,1.3764983971023166,1.9000262601063953,1.877134849576523,1.052293442623529,1.3356445297817467,0.3412399506963927,0.4669337039299145,0.20718533712803697,1.8410249041741928,1.189271207592908
OR007@6_2,1,OR007@6,OR,OR007,7,2,1750.0,0.5635557456558321,7.853252366004077,0.02991478140826943,5.261953886025531,5.860969946287945,-2.840467236554491,-2.297389031205281,-2.1449499496078004,-0.5690785121390112,-0.14632557857558667,-2.574190202213909,1.7822627470021057,3750.0,0.38540242568632405,1.3630566451703228,1.8457949708178143,1.8077871769808782,0.974759947385119,1.299037747418593,0.26315383272317944,0.5222308078604355,0.3929162205744829,1.799112273485966,1.1111776235864808
OR007@6_2,2,OR007@6,OR,OR007,7,2,1750.0,0.559952824355933,7.885182004172019,0.034985269668912786,5.4425138501436034,5.98728788215134,-2.8765757156793548,-2.2929989539371625,-2.1590932732854493,-0.5686351928468348,-0.1462654310539527,-2.5876639024448753,1.8658282561829926,4125.0,0.301932248092881,1.412105368892213,1.865261644778751,1.8357682493170155,1.0021183176700408,1.3439895529344306,0.25717888426964824,0.27409559012886614,0.3484127517198761,1.8362400305369442,1.1185461978137154
OR007@6_2,3,OR007@6,OR,OR007,7,2,1750.0,0.5684135105060224,7.7878095295730745,0.014725750159327231,4.994580535916046,5.58676691699131,-2.841979481312441,-2.3252992737770337,-2.171590412919801,-0.5653657670183285,-0.14721014141649916,-2.594072478570113,1.9034716230655113,1687.5,0.44902732305758747,1.3864175345890173,1.8879071171835915,1.8173937212317939,0.9789532453437975,1.3373533812041096,0.2516201124431976,0.34565192683698803,0.29657770791350696,1.8461450560245045,1.0885653083802387
OR007@6_2,4,OR007@6,OR,OR007,7,2,1750.0,0.5681814327710429,7.928727033670795,0.016198903688054316,5.223602051265348,5.742814528447884,-2.8662878761485713,-2.3450225604790007,-2.154111278697917,-0.554790824667355,-0.15143756577634207,-2.560413933465829,1.855807566119534,3750.0,0.6705546853171965,1.4069798141914092,1.9026214724931252,1.8637120009808266,1.0159712661293387,1.303029172330755,0.3338702383928012,0.5878754422753208,0.6602959506973883,1.8575085975971024,1.148165398910125
OR007@6_2,5,OR007@6,OR,OR007,7,2,1750.0,0.5636040655151993,7.881675845424912,0.036560143981206286,5.329174468805086,5.80492294481679,-2.8648146799653094,-2.316412271522365,-2.1510559846073636,-0.5545634931694714,-0.15163330278643217,-2.590823021077996,1.8896850762159088,3562.5,0.37560105745719424,1.3969707506658062,1.8489190797868431,1.8221566175012538,0.9753429285590186,1.2782633249919733,0.2978656751014949,0.6035450940421336,0.22036603590425247,1.8177541600339118,1.1114049882282455
OR007@6_2,6,OR007@6,OR,OR007,7,2,1750.0,0.5653727924847871,8.025748742580726,0.02319014800788283,5.254799521651872,5.814429959513156,-2.80948465467251,-2.3011444229255336,-2.1099288454378247,-0.5488695596631892,-0.15463466553984848,-2.5714759011409334,1.9878044156050332,1687.5,0.5263546397494568,1.368920253012342,1.8470074315014733,1.8216352964217568,0.9896664530781948,1.2889024236455828,0.3167440308690235,0.5637429036037274,0.5799588718428418,1.8032531963117677,1.1289478557650539
OR007@6_2,7,OR007@6,OR,OR007,7,2,1750.0,0.5734350138365033,7.816210109707461,0.035450994954259046,5.356253724158769,5.973260822412857,-2.824903453396286,-2.3008312320511712,-2.1470824198088128,-0.5530280888152349,-0.15250891797663854,-2.580938957076336,1.9425927706804837,1687.5,0.4547004025545175,1.3186460711296708,1.8378372260996603,1.7803166488838877,1.0140468689104651,1.2674246657631667,0.2630025216398499,0.45878359586305395,0.5435510747116229,1.7745935450986916,1.0769612774154511
OR007@6_2,8,OR007@6,OR,OR007,7,2,1750.0,0.5740495773124431,7.885762450001374,0.038079835872790756,5.204821298110639,5.887859748177643,-2.869819155677856,-2.324945439745504,-2.1526357472610695,-0.5516504768865746,-0.15275297652604977,-2.5786495459665213,1.8639924408969621,3562.5,0.48266536717626973,1.3670035536152243,1.8289429738401815,1.8087258666629067,0.9074918304341602,1.2781866768340548,0.22341702040446995,0.3508591822838002,0.37346527623102965,1.8351870277591509,1.0905447874054488
OR007@6_2,9,OR007@6,OR,OR007,7,2,1750.0,0.5702898270880612,7.861712974027107,0.012042350654486687,5.240570312288923,5.860191988501548,-2.8245318700367408,-2.291434263465816,-2.1787320304324376,-0.5544008441528763,-0.15183212995070705,-2.553002785517116,1.856716999707679,3562.5,0.5291896045786976,1.308282550221002,1.8733511398305633,1.8046126958367266,0.9727839272966746,1.253395452786788,0.18020936444985128,0.3845010386202101,0.6118558789792211,1.8591087186698574,1.145141146091165
OR007@6_3,0,OR007@6,OR,OR007,7,3,1725.0,0.5637460747003563,8.08338472581283,0.018983906589194716,5.468481769686795,6.028777747709583,-2.860562941193135,-2.1577556964893567,-1.9621211713317648,-0.5460253061190932,-0.15884546166959373,-2.576893568064535,2.0269750871961207,3562.5,0.6653468292928084,1.349352382978854,1.7702462460346928,1.8089498649854039,1.0194405690029806,1.2401944247524443,0.5266813682971473,0.45628012832671583,0.5581922366036662,1.7247644889100706,1.053705295341425
OR007@6_3,1,OR007@6,OR,OR007,7,3,1725.0,0.5735636458326283,7.992905675058608,0.010614397195592278,5.506943604574507,6.062317201278994,-2.863430059846513,-2.2079582346344915,-1.9628570005368227,-0.5406428572924981,-0.16064465933626018,-2.558932806404433,2.0446157316615468,3562.5,0.4959777850084033,1.3427681596078604,1.7295495051855398,1.7817103011012931,1.0304159394856005,1.2072658859585457,0.5544897660380697,0.5579370553820678,0.31694153192164815,1.6930404554642795,1.0548757940568398
OR007@6_3,2,OR007@6,OR,OR007,7,3,1725.0,0.5731378379792691,8.10285561378878,0.0017837706677004022,5.458264028805248,6.10368791134789,-2.853140053137183,-2.225797873259181,-2.010454521238235,-0.5395179541448129,-0.16022716668585474,-2.5694575382466964,2.083940090924476,3562.5,0.6035294934729301,1.428902417093562,1.8076892302623826,1.8569611125922147,1.1124276629789829,1.2749754372843771,0.571992166257637,0.6871264052244584,0.4065926156666592,1.7975719701214636,1.1348516481201634
OR007@6_3,3,OR007@6,OR,OR007,7,3,1725.0,0.5821112174616013,7.923237903844943,0.005702788021641825,5.314445105099864,6.042044202757886,-2.85507491736572,-2.2143488187157354,-2.0170835907189453,-0.5426354092796731,-0.15896921872473077,-2.560402320303127,2.016273472859739,3562.5,0.6765637822611129,1.37864620389102,1.7490470943190513,1.786613101171313,1.0225618990740428,1.2886839912801078,0.49551606773419493,0.12249242738005423,0.5767165522925657,1.7142545617360665,1.0654800298793572
OR007@6_3,4,OR007@6,OR,OR007,7,3,1725.0,0.5794330387546152,7.998866291736703,0.002909206000267858,5.531407285747851,6.163794182971083,-2.8905435488737496,-2.258255357034988,-1.9828643610210073,-0.541828890082159,-0.15932648973519903,-2.5692699696466295,2.0435277165319503,3562.5,0.5777723874114553,1.3786482913661282,1.7555857954878766,1.7520186725119238,1.0114339424082577,1.2345005572626249,0.4036234682919432,0.3969022560619336,0.5669537239853936,1.7358466531719996,1.0897105754135867
OR007@6_3,5,OR007@6,OR,OR007,7,3,1725.0,0.579425533595728,7.949842262747814,0.009283715445065056,5.3414271316968405,6.030613422370701,-2.8620361456649586,-2.2577264771306464,-1.975385606869816,-0.5317787714708008,-0.16365717017696377,-2.5893265298198647,2.0109734200714,3562.5,0.7856837899745936,1.454404973802241,1.80621359199751,1.8380952230607366,1.1094214767030088,1.2787087950520595,0.6334858197934297,0.4040555718667031,0.3947903783114125,1.7998630769391293,1.1312714566431759
OR007@6_3,6,OR007@6,OR,OR007,7,3,1725.0,0.5812726739853303,8.002737982958749,0.01688053812030487,5.40539238331895,6.079513923519217,-2.8740836073757507,-2.2027456960399148,-2.0052347106007415,-0.5350320678602886,-0.1622056240076063,-2.608318807474825,2.098505149502329,3562.5,0.7336066362901205,1.4039167094469964,1.757795631367777,1.7767713540079162,1.0937598724131423,1.2716557124399914,0.6291946579382117,0.5178489801021918,0.4670989877456789,1.7037410378207443,1.0313700830026777
OR007@6_3,7,OR007@6,OR,OR007,7,3,1725.0,0.5725320266210135,7.940606243148964,0.014088264583608458,5.1647666940480645,5.910991289828553,-2.8669273832806934,-2.2383266561280024,-2.013167766239839,-0.5426024681222237,-0.15866288588597036,-2.6005331249443695,2.070656048695711,3562.5,0.8056931842749744,1.4129506838827184,1.8053015494146218,1.8016487502490566,1.0510189945627595,1.269125952850849,0.4432168730547828,0.46705726497029304,0.46948668262466275,1.7212340740527723,1.0318736019260275
OR007@6_3,8,OR007@6,OR,OR007,7,3,1725.0,0.5830171140031288,7.873288850131396,0.021353165219529013,5.154588162613945,5.902535763270391,-2.843531824556327,-2.2034090731950213,-2.006014669811175,-0.5381483746814167,-0.16099065595433723,-2.5935057124505865,2.005740478602381,3562.5,0.7659150093105177,1.3565064277801984,1.7192050393737353,1.7441193712127896,1.0602106213515703,1.2635210594786388,0.5288974252685331,0.45209642926534793,0.5684937036688082,1.6830379195592677,0.9674544427368018
OR007@6_3,9,OR007@6,OR,OR007,7,3,1725.0,0.5800198149928326,8.046833761657078,0.012307605790139644,5.366599658941385,6.054179971753349,-2.8314486148767113,-2.1965747684521486,-2.0008264292686637,-0.5441080532260127,-0.15883447976024961,-2.5526599368239693,2.0790867313990438,3562.5,0.7521305631602946,1.3673419595400782,1.7986736030117356,1.7867056400623031,1.0208397194954766,1.2457408907505956,0.5768611575132797,0.4839351099978004,0.568685397811834,1.715161864422555,0.9962128796019201
OR014@6_0,0,OR014@6,OR,OR014,14,0,1796.0,0.1009466167091094,3.0883073535623633,0.018424676901577976,4.03290113007623,0.7978705768603674,-1.4845413226990465,-1.0194343111203228,-1.3881342280662228,-1.2131504281458323,-0.14430962163737873,-1.282401994083152,0.34685267421280663,3750.0,0.7832812856477306,0.6506644056057367,0.3636568837626062,0.44515781067446386,0.5312571619607106,0.4237890591506056,0.4594502038303969,0.04861560426976461,0.8315131497234879,0.05441817983506585,0.34602000539744093
OR014@6_0,1,OR014@6,OR,OR014,14,0,1796.0,0.09530713196837232,2.9180837348197466,0.014522944580603773,3.6102939631872406,0.6770539479572419,-1.3877219564908276,-1.0810778500344134,-1.3622799625709077,-1.137177599266424,-0.15660843872200364,-1.2042460279951375,0.22940037798178148,1687.5,0.4769374808401878,0.5574159357680294,0.0939571321554854,0.47767607484156255,0.297285790627921,0.41437789907678685,0.5283441590275597,0.44359759453008824,0.27025540187032154,0.19592516802174526,0.34444917754787885
OR014@6_0,2,OR014@6,OR,OR014,14,0,1796.0,0.09792828536447415,3.02812986836461,0.021632749095851694,3.865527863385262,0.7533069308945473,-1.3637638856850858,-0.9824971999809431,-1.3778384886919104,-1.1737230797358649,-0.1610327730597347,-1.2716716422351704,0.710627405200603,1687.5,0.6131352406197252,0.5388715746513654,0.28831829346348586,0.5025309160408499,0.520143137962414,0.3769792185351655,0.3685292371466173,0.42261331205434505,0.26811827729578597,-0.0317791323106885,0.1506244003403181
OR014@6_0,3,OR014@6,OR,OR014,14,0,1796.0,0.09548798430439565,3.0735646471284266,-0.042544937618654056,4.302100245261007,0.7712272303229513,-1.2675310787753162,-0.8996084862440437,-1.331248568496155,-1.1671063216005608,-0.18920512268545533,-1.2332371307166587,0.5615778606544968,1875.0,0.43409786640391024,0.541842158397511,0.4189626615709487,0.5135490787471462,0.43169934403666643,0.48724072349024117,0.23506438272211713,0.3160016236147497,0.3165082167982445,0.24281092133642787,0.21834661726709603
OR014@6_0,4,OR014@6,OR,OR014,14,0,1796.0,0.09765098979717793,2.9111437351803544,0.007942072924346604,3.6689265079162845,0.7160775310065992,-1.385622931046268,-1.1292761255636583,-1.3384508905419212,-1.1820250657204676,-0.14755967011426666,-1.2145182124278786,0.1416967809247982,1687.5,0.8218096515471628,0.6155921570413265,0.3313684583843714,0.46199983923710625,0.4285704764315073,0.4314537989885268,0.40385568474270345,0.10275397762230451,0.47057798699902414,0.5104541697749718,0.13295669692014833
OR014@6_0,5,OR014@6,OR,OR014,14,0,1796.0,0.09649059014612735,2.9919424283029596,0.0076992801820050544,3.8486039690757305,0.7389293916212245,-1.3849758801065268,-1.0561121381371545,-1.4216931825012789,-1.1796538057001444,-0.15115244951557907,-1.215776801751515,0.30126736178684244,3750.0,0.35250880571122545,0.4275357953667025,0.435786609043181,0.4489193148011032,0.5506625753447562,0.47665842723250873,0.4125608177912763,-0.20771401087124672,0.398526685129505,0.11474335103118952,0.3340057609109573
OR014@6_0,6,OR014@6,OR,OR014,14,0,1796.0,0.09891699946911141,3.1660974091956557,-0.009049911244958285,4.760757512609269,0.889100952115526,-1.4298248450512137,-0.9436292682378258,-1.3775413642087253,-1.254101652218843,-0.15848007319428375,-1.2434760154209514,0.7187814071191525,1687.5,0.5390027878317717,0.5054605877543189,0.3563902305109259,0.4151874497488578,0.21453831151114697,0.2883078047004895,0.2163725082290976,0.35197409534333846,0.2690910739154382,0.030817337097691296,0.19815439853016267
OR014@6_0,7,OR014@6,OR,OR014,14,0,1796.0,0.09704666402221718,2.8785268142549056,0.005281627764235042,4.057029460849374,0.7578344806113866,-1.3970888319897028,-0.9834925827201214,-1.3781941079371585,-1.1805917549930598,-0.1619957069672277,-1.2251316037963196,0.33781566594525936,2812.5,0.6734902841434097,0.5566668601000737,0.22121279524586684,0.43067068621987803,0.21899384970642646,0.34802419075385377,0.40579138413630306,0.5531028530431991,0.12201809317533652,0.604613477063524,0.405953636596588
OR014@6_0,8,OR014@6,OR,OR014,14,0,1796.0,0.09699857070533635,3.3143618388277356,0.00528784801465544,5.598298688521048,1.0169880525521828,-1.45715038243923,-1.168835917784331,-1.4073973790470968,-1.1679552247715983,-0.13459088879400002,-1.2462195245036032,0.6183892028980766,3750.0,0.34611855559120114,0.5119389489508678,0.08331319413254412,0.3279290997318354,0.29481895913220224,0.3384271573035973,0.3959034080628166,0.004244990918575561,0.38940766842836344,0.24099345073515718,0.17887052441227239
OR014@6_0,9,OR014@6,OR,OR014,14,0,1796.0,0.0964123115106906,2.9267791736168043,-0.007522887926183834,3.6866298706913763,0.6788106288519598,-1.3355867442660116,-0.9601194966154328,-1.4292623210171653,-1.1627058409570965,-0.16483230763851656,-1.2671249496559656,0.435460466553359,1687.5,0.6541916343202089,0.5560938096785375,0.4706343783068358,0.45103166017067775,0.5318870644122677,0.46861654797540025,0.20544321312727257,-0.028863405439458433,0.3005328172893124,0.016651328220366822,0.1741135987387004
OR014@6_1,0,OR014@6,OR,OR014,14,1,1772.0,0.08898794025660327,2.9354893196078913,0.04397480580127187,3.9835003617035984,0.7038028193923773,-1.2692495892474074,-1.1522369547659443,-1.7167203002923679,-1.0428460285093084,-0.13515841144048574,-1.4761668830096608,0.18623493305542338,4875.0,0.6199623622927105,0.5809099369424996,0.48140238884089903,0.4568412787628547,0.18269139582766553,0.48606167201176986,0.464157129603492,0.4011595870389419,0.42776209341431415,0.3332035337270198,0.31243235011273346
OR014@6_1,1,OR014@6,OR,OR014,14,1,1772.0,0.09155559814208376,3.0741810941703966,0.008765205838490104,4.167561561245943,0.7075053276389092,-1.3226861138613437,-1.1713900160770043,-1.7259239234112622,-1.1537043148090296,-0.11672672534112946,-1.4985132341037115,0.1885202078459991,3937.5,0.9559280251543087,0.6938509782730002,0.44085960577480765,0.5281208010144263,0.05829498669237123,0.3288996284890647,0.6183535777587907,0.29392249914971075,0.6675692277225679,0.2457980223474921,0.47677285596713054
OR014@6_1,2,OR014@6,OR,OR014,14,1,1772.0,0.09192893090304517,2.8818470850956532,-0.00715790857856305,4.301535284617368,0.7412701044093779,-1.2804549318316474,-1.143828087199658,-1.7316675364371983,-1.0851320631486856,-0.1286623788830504,-1.5028433364519842,0.11335471252616758,2812.5,0.779045254985702,0.6458969644561645,0.2942468245133757,0.5078526873468452,0.34850968200107657,0.4307681857606442,0.43454457088438025,0.3913007147480295,0.7130519031599488,0.386808188159757,0.2117781149786196
OR014@6_1,3,OR014@6,OR,OR014,14,1,1772.0,0.09145917004394687,2.865341997651743,0.016113480870056145,3.727022723167239,0.6805171142050722,-1.2936778464652912,-1.1628551045243074,-1.6759765918636966,-1.0969619053235002,-0.12564561122109072,-1.5148789459243637,0.23942055938714146,2812.5,0.7207935167053731,0.6323777624245002,0.047786322713073315,0.48769439007400356,0.07642638882575063,0.2876385043107665,0.46301114524100045,-0.03618959222105291,0.08937303962922238,0.3775694627441378,0.38388226886947424
OR014@6_1,4,OR014@6,OR,OR014,14,1,1772.0,0.08976632919557764,3.097596945005183,-0.045900351739060256,4.436266141224286,0.7595520722761215,-1.2570955589348702,-1.162295684601831,-1.6374671062259698,-1.0971728423645353,-0.13145752497023697,-1.4680952745020215,0.20240499071742946,3562.5,0.6143711052687741,0.5779417662437817,0.5818425269632727,0.5178020703380317,0.06667483805099052,0.420616488870528,0.46053015872187486,0.3125481802951787,0.21543616333742083,0.29785697238137226,0.1982275554126405
OR014@6_1,5,OR014@6,OR,OR014,14,1,1772.0,0.09371177128452142,2.9071279848141938,-0.0022799883025074763,3.8700979372423876,0.7125274325475899,-1.3435789452838967,-1.197461409965037,-1.7228165801187902,-1.1243521997432855,-0.11570397031402366,-1.5079801939160518,0.18374331213197603,4875.0,0.6246824654724743,0.529602974240296,0.08387158871808803,0.4686088123315822,0.22064565302489944,0.3624729527625272,0.4928900603823678,0.24311004399298605,0.6677861411816173,0.28922893296828217,0.2812505257469823
OR014@6_1,6,OR014@6,OR,OR014,14,1,1772.0,0.09043062213470723,2.9577210397330904,0.01130889525613251,3.8528436597893805,0.6733784309258807,-1.291717544862026,-1.1524420462038796,-1.6509576569143949,-1.1039418497620874,-0.12741328379875896,-1.4986159998995205,0.2963500294503554,1875.0,0.5903047919293504,0.5878845080774113,0.3535938065436233,0.487170773840081,0.32744483769797783,0.4805759069433797,0.4457496185134321,0.06457588643392667,0.3495470004210003,0.3151682567091914,0.37738570070725275
OR014@6_1,7,OR014@6,OR,OR014,14,1,1772.0,0.09035646071040869,2.9420320818344403,-0.051694010033401835,4.594799008336525,0.7308106046954934,-1.3070345054551111,-1.1834852181539262,-1.7191724880800703,-1.1001943151189308,-0.12246580590625147,-1.489857101131028,0.12486465150720694,1687.5,0.6188370122624226,0.559630738003199,0.2921367371319428,0.4575052996114604,0.38312507577055155,0.40383101224581747,0.5385255725223071,0.2872886530996351,0.25903991955801986,0.2599873901045757,0.26031133892493835
OR014@6_1,8,OR014@6,OR,OR014,14,1,1772.0,0.0908633526606484,2.8931668452756405,0.040979075424631785,3.7492098389064843,0.667318310614619,-1.2965900060398674,-1.1433672185861554,-1.6943913900049077,-1.0760975096372358,-0.12961866668738936,-1.5017309977660638,0.13976870627198235,4875.0,0.7634386219762087,0.6439942017549559,0.43769036204127515,0.4438498715029472,0.22297678769119314,0.5551465510877822,0.5545965384731639,0.4039265281013411,0.8937544354808333,0.5612063439982615,0.3087389718016916
OR014@6_1,9,OR014@6,OR,OR014,14,1,1772.0,0.0907617866422688,2.917031297471071,0.03520762152823734,4.003528254373105,0.654170637137016,-1.268229870563508,-1.160818499984104,-1.6805036758660785,-1.137838220082974,-0.12391774061870295,-1.5005434349866824,0.16597252320362843,2812.5,0.4178320129981658,0.5359148841130108,0.5271770508344232,0.5907322252046838,0.12757904890403762,0.4151736162429095,0.3118517118321828,0.2887850235906264,0.3159719260613334,0.3377023013836473,0.39441265496168754
OR014@6_2,0,OR014@6,OR,OR014,14,2,1749.0,0.0962596827061736,3.0905381838367423,-0.0101453484045839,4.105482246215947,0.7422140261814697,-1.4031178613373085,-1.0767364640927775,-1.750886695164043,-1.025341639994159,-0.12958872074822378,-1.646301404534145,0.30137277997590495,4875.0,0.6730156292288101,0.5858192353373618,0.26653384143329334,0.47489137766247885,0.10576050628056434,0.21681212941783878,0.5142014345408732,0.19198029689484897,0.20382373265764164,-0.03717556080931951,0.575589753299301
OR014@6_2,1,OR014@6,OR,OR014,14,2,1749.0,0.09737941578894027,2.989188629253374,-0.008641420454522269,3.7000184873130255,0.7182622364106326,-1.4116870922667304,-1.0916585151473792,-1.739766151076832,-1.0370170873024427,-0.12524101231306473,-1.6828237532309722,0.19211148384157628,4875.0,0.5791733893909364,0.6305720837292518,0.48120693495095557,0.5161549955466859,0.19089718261995667,0.38017217018598914,0.41062301808436563,0.5701897999916583,0.3058731866966866,0.3099709313630811,0.4749275644000939
OR014@6_2,2,OR014@6,OR,OR014,14,2,1749.0,0.09386950257447824,3.050540101876384,0.013542093650807788,3.790130246446597,0.7038341586883798,-1.3468415573627768,-1.047982086836801,-1.7053714242532845,-1.0037187989693173,-0.14178523033020293,-1.5995784728669642,0.19602631984340224,4687.5,0.6130426884979436,0.5203588340796417,0.40692777458071155,0.4052397364580275,0.23371707265952027,0.3826572884325052,0.520093267928741,0.2234392712256459,0.3346903024145396,0.2794598564560397,0.3866820974184082
OR014@6_2,3,OR014@6,OR,OR014,14,2,1749.0,0.09437043759801354,2.951406048949942,0.012364134043181447,3.6703321372104143,0.6873550326884408,-1.3609274684175379,-1.042536343278855,-1.686912407068162,-0.9834303828266258,-0.14286283720022516,-1.6647146917031588,0.3846028061838611,1875.0,0.5911008647260391,0.5715911796880168,0.5555129741344529,0.5412648721204113,0.1306412372899382,0.41738382478538893,0.20352321163571588,0.13810946360711557,0.2950065661285867,0.49595338361264735,0.29875157966790095
OR014@6_2,4,OR014@6,OR,OR014,14,2,1749.0,0.09660840263244237,3.0084432696923504,-0.031614367027759965,4.937121336055058,0.82397458160734,-1.3568171091552108,-1.0944788981679874,-1.788673151017585,-1.055447431316258,-0.12467826181188928,-1.6810900311954717,0.522816733426867,4875.0,0.7791725569069051,0.6740629657630531,0.5702878756582674,0.5982178103388887,0.1946467372550111,0.34922702439828035,0.4598130167408295,0.4462160946538636,0.12288773492535067,0.4195765812161502,0.575606432664015
OR014@6_2,5,OR014@6,OR,OR014,14,2,1749.0,0.09808849128852491,3.126433105892503,0.02141163861170961,3.9381119507939246,0.7569091912421833,-1.3970981740853345,-1.0804804841299367,-1.7721804549752143,-1.0468678044554742,-0.12449166630104266,-1.7123199663690511,0.16764076423650076,3562.5,0.7403610644738345,0.7279945462013174,0.43669499574740034,0.6825289639369299,0.18519522670385233,0.374485723063372,0.48808438685713973,0.4803236199293151,0.05865233071495923,0.6245371520122567,0.15405500504695804
OR014@6_2,6,OR014@6,OR,OR014,14,2,1749.0,0.09526019706116487,2.8960284015717805,-0.0017137108358438494,3.695035289051162,0.6854800566251679,-1.3470243193476645,-1.0902609756880897,-1.7140827786806025,-1.0273817337973628,-0.13220022733292297,-1.6379088199854521,0.3032676441822555,4875.0,0.4169438381320198,0.6169476051510857,0.25527700935267017,0.5290787565231547,0.28211128003704333,0.3818063846001955,0.2685688050067243,0.2854103986483364,0.36369713022709366,0.36597257087352864,0.36528122130159224
OR014@6_2,7,OR014@6,OR,OR014,14,2,1749.0,0.09276273875943915,3.087845427936201,0.010940100524988679,4.056500225079586,0.7283464980357899,-1.3353414711920777,-1.0038397129834842,-1.688578984299809,-1.02316191262901,-0.145647967599488,-1.614201750039563,0.26907721307125554,4875.0,0.4424712448562854,0.562742030054971,0.3303482808657091,0.5015758093951662,0.3323071943071017,0.3720316252020954,0.26104765882303205,0.34163454880168087,0.6006570410151197,0.2614195722994419,0.11719326353116341
OR014@6_2,8,OR014@6,OR,OR014,14,2,1749.0,0.08913181996417686,3.0267796761949683,0.0018458046217653284,4.682533532012057,0.7491656326774261,-1.3233906069039956,-1.0265023618298577,-1.7366391795403118,-0.974405894241765,-0.150993693701207,-1.5578339528577019,0.4456256056274621,4875.0,0.2847440371505841,0.4978280663182972,0.17518634924556867,0.38267333972345186,0.2887953583965915,0.44047026307507964,0.15337047458857242,-0.03028539785627996,0.5302497124485763,0.12839379632914716,0.33269523442931487
OR014@6_2,9,OR014@6,OR,OR014,14,2,1749.0,0.09268622225248352,2.9566846100294364,-0.045161120273116986,4.404155406171148,0.7919247413365978,-1.3539410350136902,-1.0075719170249262,-1.717395604653785,-0.9932734212598828,-0.14659919922989106,-1.6341090379644247,0.7314666884405514,4875.0,0.5968982621708282,0.5723128596835829,0.34842006080156895,0.4268239755043348,0.4721924258992895,0.4907237144950497,0.40180084625682083,0.6079507311750538,0.3917509313454123,0.13361339272400402,0.4284335679622885
OR014@6_3,0,OR014@6,OR,OR014,14,3,1723.0,0.09184357907183945,3.0813482329136046,-0.014274612475981613,4.895492756053261,0.7632929187155769,-1.3215635892155813,-0.8761139515470554,-1.2089703339299853,-0.9808353664091709,-0.20304505285222688,-1.5778720540727456,0.3869368156298192,1125.0,0.34909294469039603,0.5848924038902048,0.21011536742059145,0.4529756533820949,0.1799733436178028,0.39230191724294183,0.3332262657842423,0.3047324759406421,0.20033256741409242,0.2208348498815807,0.30681543117995946
OR014@6_3,1,OR014@6,OR,OR014,14,3,1723.0,0.09322746580362701,3.771437411791227,0.03215571066619272,7.14439927366341,1.2735852954683562,-1.401578451620792,-0.9511678167957764,-1.2829250977698414,-1.0255302180365107,-0.16792442186702616,-1.6441529781996285,1.6949869533362185,3750.0,0.4692372239051523,0.5340757520263325,0.23053232527093562,0.398992193137559,0.17149538679093265,0.3268474915124683,0.21446533500214354,0.13384877235256096,0.43653089971445397,0.24100044017278197,0.21846551938079714
OR014@6_3,2,OR014@6,OR,OR014,14,3,1723.0,0.095610751321542,4.002719777779746,0.004627621371872343,6.561941752196128,1.2418569857747739,-1.4369344036641452,-0.9638581044888165,-1.3227319518899334,-1.0369210589794198,-0.1593472752394784,-1.648387884069612,1.4701342770418901,3562.5,0.27065066083381295,0.43200728723594467,0.22101193190108592,0.387028660931543,0.45396729230685257,0.4595838644825504,0.1816582252380424,0.05177472344756583,0.18653007289725454,0.3081554540989603,0.318175154576673
OR014@6_3,3,OR014@6,OR,OR014,14,3,1723.0,0.09287685281576827,3.0525636979326944,-0.03668879662559277,3.7967650119833274,0.6849017888032893,-1.3439531745148912,-0.8851966885659166,-1.2378285059686622,-1.0066093572504673,-0.1900327839366909,-1.6474454067072686,0.28577042213382553,4875.0,0.5448156132462431,0.650393832329862,0.11878727488960973,0.4703970449714813,0.18553440087185394,0.3677196475823524,0.4166240196007195,0.20938744164973472,0.09798770300019227,0.5367674385278344,0.23172415863024864
OR014@6_3,4,OR014@6,OR,OR014,14,3,1723.0,0.1015712560610013,3.9314021430103185,0.04848388635684614,5.872816785896906,1.0903948024217214,-1.514281711072364,-1.0625800904935208,-1.3587414781067604,-0.9470208994550343,-0.15224973426697422,-1.661975029855795,3.553922889058872,2625.0,0.4891404198950355,0.4966610229603452,0.5234996711850274,0.434363976195922,0.30904927040623775,0.3383838830285732,0.3218756252831201,-0.06429830110502757,0.19142388191526608,0.14864790895751304,0.25815192939697956
OR014@6_3,5,OR014@6,OR,OR014,14,3,1723.0,0.08720150680326025,3.0301092553020754,-0.008452856637625112,3.856022486806886,0.6643513783154855,-1.2836771670431626,-0.8429569079656266,-1.2003039812641816,-0.9455981422667549,-0.22200156849849295,-1.5495486266820473,0.3693339101702384,1125.0,0.5122780793096623,0.5289245999465035,0.37574485418849474,0.4914622316130833,0.47982512826445667,0.4444447159814788,0.5530087887486007,0.35185891549215664,0.23882276378692308,0.1501284580702563,0.16299334331685109
OR014@6_3,6,OR014@6,OR,OR014,14,3,1723.0,0.09086651369646208,5.655485653642672,0.07915647193617667,7.949811612196316,1.3939330319559768,-1.3354872801432651,-0.8475961371625917,-1.2087226727805704,-0.9487633761701759,-0.21393453581352473,-1.5787475101313106,5.350597000153311,3562.5,0.4787026107915746,0.37089714799822526,0.06930435477971167,0.24943924861858413,0.14493112621577783,0.33015293160951986,0.44330802829461297,0.36508555187554864,0.39054066597615306,0.2337186100876579,0.24232037724615718
OR014@6_3,7,OR014@6,OR,OR014,14,3,1723.0,0.094634087254982,4.687514881607323,0.03139879383916878,6.944904062624017,1.3055008829209591,-1.4165784046219556,-0.9790606861665038,-1.2741402462071802,-0.9616055380782009,-0.1739859683337258,-1.6126701478693608,1.9351301218912806,3562.5,0.374548763139155,0.4876183066614999,0.09814109405812683,0.26599116218223035,0.4187122504988753,0.3914604357652759,0.2863937477660872,-0.0996736241967686,0.45628858564558766,0.131484395732674,0.27944605900021563
OR014@6_3,8,OR014@6,OR,OR014,14,3,1723.0,0.08928402238574125,3.121291132258326,0.0010884166714142296,4.560699559810564,0.769070458885865,-1.298582292519761,-0.8449540821682717,-1.1701470771306648,-0.98262165495588,-0.21699890142958747,-1.5465933156054923,0.240726788837351,4875.0,0.5582275757274036,0.5625094433162271,0.333496947388992,0.40515368727449474,0.3557553270607732,0.43529216960149747,0.1967349530497326,0.15215176422905347,0.25617910397686733,0.29160143265836236,0.27526977507280365
OR014@6_3,9,OR014@6,OR,OR014,14,3,1723.0,0.09074299841936675,3.4840845358417223,0.0047851615758265475,5.6140837414019,1.0066768433947346,-1.3280015240404686,-0.8407725345213004,-1.1832993489422714,-0.9689440617898631,-0.21607161790713608,-1.5574747842932777,0.8563321318484989,3562.5,0.4014370077390257,0.5267260846301555,0.21446834035995044,0.41591262101091125,0.04568061108012998,0.2818323009590343,0.38024601451174983,0.256835940179532,0.35513134849788747,0.2512532436322744,0.30872490784089246
OR021@6_0,0,OR021@6,OR,OR021,21,0,1796.0,0.5966521944210313,21.318196486482332,0.050971968621990146,10.078517862815788,11.508609865980134,-2.0924645160525337,-1.3050212838219013,-1.6580879523328225,-0.4576861289916858,-0.2463724689260059,-2.322977583025702,9.5808202245522,3937.5,0.5336614043957754,0.7039455021270528,1.3216329545326122,1.2182534400204843,1.1018430121138536,0.936255686258878,0.5955412977134056,0.11000058427490057,0.42509012980184196,1.0907123583926246,0.9156974212000553
OR021@6_0,1,OR021@6,OR,OR021,21,0,1796.0,0.5778309576185009,18.53964530552036,0.13228015977312138,9.004371338513206,10.09640810593243,-2.0733786551895204,-1.2793725101203155,-1.6511657516267584,-0.4262443334752936,-0.2701606701233661,-2.294522585183677,11.254120959034255,3000.0,0.3826904903728425,0.6310627773143103,1.270628964913781,1.1504140057275023,1.0723025668047557,0.8970661100505055,0.552433944648873,0.11967062379963846,0.2883247116075035,1.0155638692767688,0.7827218979210121
OR021@6_0,2,OR021@6,OR,OR021,21,0,1796.0,0.5697888462632247,20.868702702210886,0.05889720693709891,11.642809304417526,12.682350575867446,-2.0970509173673793,-1.2811895413635959,-1.6356948103937243,-0.4396573419519284,-0.2608502174820546,-2.328123577961158,9.20447770793254,3937.5,0.1259690766106302,0.6341363826764682,1.2440254973165825,1.1342020057497206,1.045499221963618,0.8807321592658337,0.41095270805173817,0.22376993120831098,0.04377366095462192,0.9167126445867689,0.7096905680041059
OR021@6_0,3,OR021@6,OR,OR021,21,0,1796.0,0.5767349334100161,19.020183869389715,0.022176841928220222,9.198840686374801,9.882849695864628,-2.0387293065316534,-1.2404443997940717,-1.5974722897995532,-0.44281891314337185,-0.26619907883279426,-2.250227980990014,7.812217235475757,3937.5,0.23835907492061648,0.6924701311129136,1.3188599313664806,1.2045727573327365,1.0963025973843838,0.8934167591529568,0.4927930633675922,0.37436793725537637,0.3333429368432622,1.0981719291862682,0.920314549421864
OR021@6_0,4,OR021@6,OR,OR021,21,0,1796.0,0.6118967824753261,21.376920962074596,0.2354317814487121,9.136959335726292,11.147297912386511,-2.054024351686247,-1.2533807432245927,-1.6087947988321945,-0.3410591114203822,-0.3462538875823696,-2.3738734922955635,11.160846953853609,3937.5,0.22333612945457054,0.7076397154437838,1.3127819044408475,1.2274438943090773,1.1104802609812339,0.9683547222163887,0.4622889264061914,0.1636310584491993,0.11317385529491471,1.0035870812145813,0.9122947614359158
OR021@6_0,5,OR021@6,OR,OR021,21,0,1796.0,0.6070442526514686,24.049462929940944,0.21846652904430655,10.55887535903286,12.568444844287033,-2.123810042929847,-1.3120597619492789,-1.717544308630001,-0.4696947275238036,-0.23662844281131723,-2.2545690416745945,12.888976333659764,3937.5,0.4077427584839615,0.6555268088074641,1.343761237204912,1.1980664754842065,1.1546386164526166,0.9478659082212549,0.5832168574967048,-0.09924925280363324,0.25160142475567565,1.011293944615911,0.8357725495571586
OR021@6_0,6,OR021@6,OR,OR021,21,0,1796.0,0.5343954191126874,16.97230052456448,-0.04782242645701306,8.234489365958122,8.735772629858566,-2.035654650939032,-1.1694396799141427,-1.5546383852936603,-0.4122245184670673,-0.2984872243079025,-2.2828170776772416,9.138935685863979,2812.5,0.34069832431404895,0.6954128315095647,1.2935179898060787,1.1871152155458027,1.069462989717929,0.8892304259970565,0.35357292571541626,0.30513871937389736,0.25339112686040305,1.3548129616213789,1.213370550998617
OR021@6_0,7,OR021@6,OR,OR021,21,0,1796.0,0.5985442702171264,21.368842386634007,0.13667551552121035,10.892122217834396,12.690702722666392,-2.0923029114902763,-1.234391388026614,-1.6445383747631654,-0.44154316692405904,-0.2645674617694143,-2.270003125341978,12.903806597105001,3937.5,0.25554689125591695,0.6803518380868129,1.2397316642707628,1.1493039647543444,1.0358654090190405,0.8911391345948971,0.4706189097690536,0.344738253829252,0.4829013681414783,1.1010379259803942,0.8968427842403044
OR021@6_0,8,OR021@6,OR,OR021,21,0,1796.0,0.5896308698734608,21.170146223421234,0.08303611427198501,9.676329919226497,11.11282877488991,-2.1006758277758992,-1.249120954942897,-1.6590777638341816,-0.44500642037066507,-0.2602446510060183,-2.2480772763098242,10.120652259535786,3937.5,0.37494136711395337,0.6375531303508756,1.3909268400540253,1.2462475145000194,1.1795893243151845,0.9709318592582186,0.5733989879479028,-0.11081563812701348,0.1954128758796579,1.1151352176619496,0.9639157824942491
OR021@6_0,9,OR021@6,OR,OR021,21,0,1796.0,0.5632687468741006,21.09803274816677,-0.053995336009582603,9.789835801116876,10.770713084864173,-2.0586821846676417,-1.1627193239549192,-1.6113790814083802,-0.5061738454342811,-0.23738543596864298,-2.1328588908337838,10.191895440166265,3937.5,0.16407127473079786,0.676823688009716,1.3752312899245744,1.2457788993938075,1.1660901304794504,0.9396551152760072,0.5605832521019746,0.12641456081075544,0.12651809879913203,1.2218112457039962,1.0583117779411997
OR021@6_1,0,OR021@6,OR,OR021,21,1,1771.0,0.5166500129821805,20.226623499639917,0.13217881228635966,10.457401299591885,10.562340736006249,-2.1800978106246536,-1.1884168834582916,-1.5567419638334132,-0.3781766631166883,-0.3208731311767018,-2.341836402626251,11.173730327124973,2812.5,0.685418592886246,0.7559295927185432,1.3744222972378832,1.2493462816305272,1.2045940913172217,0.9726345404097027,0.5166747351484335,-0.05931341576823776,0.7802667435543054,1.2975944217091235,1.1004171291264249
OR021@6_1,1,OR021@6,OR,OR021,21,1,1771.0,0.5331054577812895,21.289031494899174,0.1535437521693438,10.261137461640905,10.721640133182532,-2.2163676561097603,-1.22303442251663,-1.6257001370023083,-0.45939943664512034,-0.25407500420267554,-2.214273366924088,13.351252939416309,3000.0,0.6530391456653327,0.706403644621941,1.4537137218832317,1.247519791033617,1.1962349986198317,0.9305217252559315,0.5971378574437443,-0.12850998531514699,0.4826077725745921,1.290405719573708,1.0204039627978294
OR021@6_1,2,OR021@6,OR,OR021,21,1,1771.0,0.5425933126319279,18.44884393317529,0.16095677504369818,10.576202390431913,11.239039698295699,-2.2304607538669408,-1.231818514953726,-1.628615549534241,-0.5025345774628687,-0.22711960029380432,-2.3176130122251997,10.075156430088098,2812.5,0.6195504107909227,0.8684086523923601,1.5133386883111528,1.3741966687306197,1.2600238351902386,1.0276724430777804,0.5137746643089293,0.19011478611634358,0.5490872517865389,1.1214518089709928,0.952768028787688
OR021@6_1,3,OR021@6,OR,OR021,21,1,1771.0,0.5992771778512606,21.23351989742052,0.11677506365701508,10.351076201529082,11.9744479290827,-2.3148275313544735,-1.3521337425172726,-1.764889107970572,-0.6613617480960224,-0.14841327527915466,-2.310243742847823,10.482341331077984,3937.5,0.5910205554085329,0.8486433816348704,1.435046976246972,1.3112547878114316,1.151715883395815,0.9706581872731891,0.5044037506813586,0.41356768842553515,0.41613764703981715,1.2205663077398876,0.9456567966732463
OR021@6_1,4,OR021@6,OR,OR021,21,1,1771.0,0.5604644761545162,24.021445979930576,0.13249763764242406,10.156899348882737,11.258648976485878,-2.2636921929121696,-1.3044678258947047,-1.7152425045611086,-0.6180891857095115,-0.16781917974930213,-2.2795914854412485,11.687234252189295,4312.5,0.5273752085658641,0.6526972729557142,1.3070288703521638,1.1625531048657896,1.071668579347432,0.8492571847094031,0.5422335115881163,0.09652592119193051,0.32514029041986053,1.0877879855058314,0.8101753936991751
OR021@6_1,5,OR021@6,OR,OR021,21,1,1771.0,0.5471598683298488,23.9554299523184,0.09162507334235902,10.483122603353163,11.299568207411681,-2.1719074075521916,-1.1901890496001815,-1.578900176864536,-0.4538519842511314,-0.26382341928042413,-2.224923630209879,11.237395437189303,3937.5,0.47369698192634047,0.5681415009558034,1.3705687817505408,1.1647408655185558,1.0879544899219216,0.8229164492757579,0.46348175321139823,-0.1429771835486066,0.277598651334267,1.0769887799183164,0.8340340729213725
OR021@6_1,6,OR021@6,OR,OR021,21,1,1771.0,0.5194576518117601,17.721474090373075,0.04876996311070891,8.372818530384045,8.53412295106563,-2.173911760006473,-1.204760377533642,-1.6011574696629498,-0.49859763972822035,-0.23434477017410388,-2.251257307584697,10.793279407822222,2812.5,0.3821474642724815,0.5956965427923973,1.2626896168888577,1.1058572712205128,1.025855211292465,0.8153296403526354,0.3692596339743584,0.21516040489257082,0.4294408509019387,1.2193473326241808,0.8815093837561023
OR021@6_1,7,OR021@6,OR,OR021,21,1,1771.0,0.6273754928027254,20.320076133775963,0.0933774496376473,9.78719725460476,11.740446153275666,-2.3497421097514435,-1.3844196268698907,-1.800716721123969,-0.7027748182865343,-0.13364687786411636,-2.2944807308962147,10.877658712295217,4125.0,0.7072125858354317,0.9016357771325394,1.5422619895041458,1.38055114772908,1.262627099855651,1.0587129183916955,0.6272716467548359,0.7003790236676368,0.47284985678863695,1.2485748116429822,0.9714468411019404
OR021@6_1,8,OR021@6,OR,OR021,21,1,1771.0,0.6163319135418861,25.55095433797016,0.19364603758485427,9.928778940181262,12.084545199198345,-2.340839326536144,-1.3776743293088478,-1.7826623860419921,-0.6585191782133606,-0.14721999343126638,-2.2995357142781696,12.075017107444175,4125.0,0.6017322151268291,0.7572934689704903,1.3690508000618804,1.2244193118996218,1.1665159145869954,0.9356946118992205,0.5746831755663919,0.24586211658993135,0.2060983166427239,1.1172062760888888,0.8694629499364221
OR021@6_1,9,OR021@6,OR,OR021,21,1,1771.0,0.5274109791978973,19.464858512872418,0.006305890159451526,10.09460856158688,10.418871640962566,-2.215835376267827,-1.1947841552459004,-1.5828171156044235,-0.4833450573901794,-0.2443366929276848,-2.250826136284303,8.775505359970756,2812.5,0.48388881640630116,0.6210749245062513,1.2714420251996092,1.102912626198145,0.9483207202724373,0.7362782811195798,0.42796510050952924,0.13804488259692535,0.16563177745054153,1.0969814202654427,0.8121994005200142
OR021@6_2,0,OR021@6,OR,OR021,21,2,1748.0,0.5747852245522888,20.407028153833153,-0.011636214154171574,10.084782887097246,10.93859685894133,-2.3212728383829355,-1.3851430657451427,-1.6978783284634624,-0.7213958739141915,-0.13177942628346798,-2.2390157760691647,11.2558383504417,4875.0,0.5802123689505643,0.7241679990131756,1.2594992997947434,1.1669515352741273,1.0484366419395967,0.8378678230097342,0.46437602741037237,0.26850102575497,0.5787127239761771,1.1367981840986563,0.9576731481211062
OR021@6_2,1,OR021@6,OR,OR021,21,2,1748.0,0.6202092907716645,23.002785950437364,0.12409470839888005,10.590975080552559,12.942212355600455,-2.295826758151927,-1.3852833482070717,-1.6879070505862934,-0.7234695057405043,-0.13117725203659722,-2.3091420682622643,12.637439511559634,4125.0,0.6902613199203294,0.8152889099776376,1.3926927163719613,1.2814618945629992,1.2010680665360738,0.9851566231114224,0.5072902144986909,0.2882556530710045,0.6512954829302893,1.1079883033369187,0.9479133948832558
OR021@6_2,2,OR021@6,OR,OR021,21,2,1748.0,0.5323186415680687,23.518062389992068,0.03080434126118291,10.784939798945649,11.348606478980734,-2.2157273979711274,-1.1972564542791342,-1.510291191175843,-0.5104647682053363,-0.23306636479073287,-2.212025728288473,11.60452223124344,4875.0,0.6856494149514456,0.6820994798485764,1.3229376913323687,1.1403259339446645,1.1388505303279568,0.8401154311348973,0.4108285974072846,0.10835827733974407,0.4133670822063286,1.0776162155800804,0.8582512376741044
OR021@6_2,3,OR021@6,OR,OR021,21,2,1748.0,0.5174253774037926,21.055583296657165,0.12287848017413891,10.982077336944867,11.137585299168384,-2.289779240834077,-1.2786986170687584,-1.54615937468917,-0.5156117719573808,-0.21947299895205571,-2.2641571045963764,11.646121333840874,2812.5,0.5805718299672277,0.6408358902915727,1.226207940702121,1.0890121143069744,1.0066638157894072,0.7738900278555244,0.4323215969789835,0.0700876056487221,0.593700129736256,1.2177981281633652,1.0227113439904245
OR021@6_2,4,OR021@6,OR,OR021,21,2,1748.0,0.558977715538858,20.874971219011464,0.2154202225029363,9.618252825710595,10.423522888644467,-2.247684637763454,-1.3088427136554945,-1.6152361088519023,-0.49961859961382915,-0.22225480501406406,-2.297559993899975,13.471108719222876,2812.5,0.7956157777139514,0.8053488766864834,1.3540461450650683,1.2256097953290552,1.1724454105809812,0.9299440882716703,0.4851009134281106,0.22965320095301212,0.5856226645612451,1.1853192344294996,0.9396847415054954
OR021@6_2,5,OR021@6,OR,OR021,21,2,1748.0,0.6197011019970712,23.33974446455231,0.2199028930600207,9.757686628394534,11.81959556113027,-2.3176126060434394,-1.3814259366294195,-1.6897865900022138,-0.666061416718671,-0.14717472473901103,-2.3098860260483014,11.285521239313267,3937.5,0.6478790812252607,0.764184221177866,1.295217747241775,1.180702359781086,1.1252168112703291,0.9013512691702482,0.5388416663560797,0.06882696060832516,0.5831244326259161,0.9960154161864739,0.8554964349217737
OR021@6_2,6,OR021@6,OR,OR021,21,2,1748.0,0.568237343942283,25.319954659235112,0.1497164581942198,11.785117860024119,13.20726279946265,-2.357439283867061,-1.3255091640445114,-1.6565644701051978,-0.6854311106385651,-0.14616677890463492,-2.2408715681557227,11.828835711719595,3937.5,0.6972587387254148,0.7597882827370754,1.2484511411253727,1.1344442985074228,1.0868747779202386,0.8736599380811083,0.4467063047416045,0.32816924648282575,0.589893528968346,1.172748356716234,0.9657163983452373
OR021@6_2,7,OR021@6,OR,OR021,21,2,1748.0,0.561122732285016,28.75358907245983,0.14170036346061463,12.110806700086993,13.412410970664212,-2.250432283218672,-1.2594526308667395,-1.5371549200008272,-0.5231301534275923,-0.21767595173466153,-2.327022025497917,14.81315211513478,4125.0,0.6105958284403509,0.6925409423169152,1.26157270663035,1.1323699014152617,1.0704087107693028,0.8472425876055835,0.4483961840918368,-0.04539171272692377,0.5362172440233127,1.1103197895194732,0.9325288985287876
OR021@6_2,8,OR021@6,OR,OR021,21,2,1748.0,0.5432467398073485,20.416519485238876,0.03701024430789413,9.47299619371486,10.016317127496883,-2.214746622125075,-1.307892101290584,-1.600538273347931,-0.5718340122950571,-0.18968258098928653,-2.263479398807743,13.557353555244465,2812.5,0.7066394370234083,0.701374349405891,1.2426277412191622,1.1255784113842433,1.094778596431701,0.8752387876913077,0.44910462830831327,0.30748442629328937,0.5167861695119519,1.03155171391789,0.842523343224214
OR021@6_2,9,OR021@6,OR,OR021,21,2,1748.0,0.5784672160402318,21.88999111167738,0.05901521352158172,10.07717617031529,10.825801055705874,-2.30140060192712,-1.342068918231926,-1.6713069130702463,-0.7443630772068148,-0.12928709637025243,-2.2582252234119067,12.96849545556483,4875.0,0.7010575320810362,0.7176982660598559,1.2413329182786552,1.1425896238129882,1.1190244581381008,0.8630590983246991,0.4783739060597091,0.3811449144832808,0.6435153403828355,1.1014710388413174,0.9583351924464857
OR021@6_3,0,OR021@6,OR,OR021,21,3,1721.0,0.5977531422700738,21.469537055570246,0.13041810866312806,9.869410744285767,11.44951494112825,-2.3764717153539863,-1.4341166964772407,-1.6748218586115085,-0.8483163368509309,-0.10188672315009249,-2.2870695348874803,13.632573464047347,4687.5,0.3964021728471847,0.7270389128091316,1.2812168184567267,1.2088836431363579,1.0943500203609062,0.9236860560410334,0.5102427378989565,0.14632383626696352,0.2503196673973394,1.1389178197456182,0.9779496150000168
OR021@6_3,1,OR021@6,OR,OR021,21,3,1721.0,0.6132462336011565,23.186529741629812,0.1412693609188597,9.593089579219232,11.692688385401716,-2.3983245375442728,-1.482208242408054,-1.6866170946879346,-0.834971681913261,-0.10152563766344316,-2.326865578895473,15.04580457601947,4687.5,0.5100610647893296,0.6629724804007604,1.2978488219920512,1.153734885045091,1.1295028497978619,0.9074042976829696,0.4771838118292526,0.22849543102741948,0.3328043232611564,1.0678573910627738,0.8818484771728128
OR021@6_3,2,OR021@6,OR,OR021,21,3,1721.0,0.4837540471621564,18.432521080351936,-0.00593512850951529,9.125670489019953,8.816580829025924,-2.1638000349324824,-1.2716998394928791,-1.4486601081509551,-0.5736850599243677,-0.20081531120780813,-2.1305410068270256,14.335730207262493,4687.5,0.3175639594452272,0.5493309468462911,1.263213149012406,1.0814271473667687,0.9923751748538137,0.7852733227019522,0.46137876584863957,0.14203620532366348,0.20536581283680583,1.0119910607091984,0.8353580237016209
OR021@6_3,3,OR021@6,OR,OR021,21,3,1721.0,0.4846512058395834,18.57831226075112,0.08863658908451112,9.220768364413663,8.82082539288068,-2.1794942339498133,-1.2372389142554865,-1.4442238261204758,-0.5526095095545559,-0.21192455516048112,-2.259685683130593,12.130359771095659,2812.5,0.2857436941050126,0.7058167873885717,1.2917001954921243,1.2041231714144076,1.0627086407487114,0.8577057002952148,0.4975035822025431,0.19968856147828168,0.2691653776786516,1.0247499840184873,0.8035780550906186
OR021@6_3,4,OR021@6,OR,OR021,21,3,1721.0,0.5367423598270148,22.302571880907692,0.10445868689646219,10.931883804406638,11.412444202318666,-2.3211709008587444,-1.3993612787918124,-1.6091589905655774,-0.7168562650171991,-0.13503525833810903,-2.2170311266546197,11.811671994703936,4687.5,0.40709357041176875,0.630732262976269,1.224327535432669,1.0844023530393234,0.988023956823318,0.8060190261940057,0.42085353114540114,0.18598154389605667,0.3193881175093156,1.1684388488083455,0.9568296750121258
OR021@6_3,5,OR021@6,OR,OR021,21,3,1721.0,0.5923942335714373,22.235712977643846,0.1416834692529991,10.757786091548759,12.590568023083154,-2.3888692158409057,-1.410826026201668,-1.6606929708718978,-0.7992167285415364,-0.11279936392881056,-2.2834087445342455,14.92177860939617,4687.5,0.5182012151079316,0.7921748106332568,1.378909564453437,1.2669679604181636,1.1545280687732942,0.9333988686420616,0.6561366906426036,0.23137278378359494,0.3872171157590899,1.1607533627139837,0.9596498500159377
OR021@6_3,6,OR021@6,OR,OR021,21,3,1721.0,0.5864347918340166,28.63100284417758,0.25744854813522494,11.616768012797086,13.43215237691975,-2.319588933542792,-1.3432285960389505,-1.5896784434760622,-0.6495238921016563,-0.1578985429014698,-2.317722371630138,15.453180947422041,4875.0,0.39338568223157033,0.6222053909293799,1.2459320215081449,1.1050308282133943,0.9596523916512323,0.8095190644973422,0.4081444865226391,0.09571073393883393,0.022525513917527076,1.1005648648060038,0.8320599219726171
OR021@6_3,7,OR021@6,OR,OR021,21,3,1721.0,0.5192325779676199,25.02945374303055,-0.0010562440463656724,11.051972103374391,11.342174064522938,-2.2734017948282217,-1.3169674698242733,-1.5204673534251183,-0.6035517942122326,-0.180159191603648,-2.1731533588272436,15.831604962610331,4687.5,0.2498072658561997,0.6406434853443512,1.2390433344269307,1.0972966216187774,0.968372941576588,0.8397694389109436,0.49809670422639907,0.08662799393727984,0.17220411388818377,1.0464796588713445,0.8149958050547329
OR021@6_3,8,OR021@6,OR,OR021,21,3,1721.0,0.5297916234752021,18.18698146455792,-0.004070721736775909,9.128463742443076,9.342162566683747,-2.262572539623145,-1.2771240307907563,-1.5384824530173817,-0.6698711203978521,-0.15984855419363034,-2.1653139075868153,13.811886927105034,4687.5,0.33226638605164494,0.6534321623326391,1.240232073002479,1.124668749076601,1.015090261141704,0.8526835774747676,0.38646240106477653,0.18816363122247803,0.4348597208188733,1.1601259629740321,0.9793535151467901
OR021@6_3,9,OR021@6,OR,OR021,21,3,1721.0,0.6250207079099017,24.748152784334923,0.20345869283045553,9.308650020684976,11.506453632410183,-2.4170456176526733,-1.5039944432891945,-1.7259492734430595,-0.8540109764033141,-0.0965158221557474,-2.270686259704534,14.549158757128652,4875.0,0.4533037855097551,0.6949978342321831,1.356867142641815,1.219513364887119,1.1465017713267045,0.9221761676359036,0.540731549111956,0.4319792096545366,0.44483426453262037,1.1249580759162923,0.985849949359403
